id;name;lastName;address;phone;observations
4026379388126021;Delmar;Kibbel;0 Kim Trail;694-425-7123;Face to face bi-directional application
3569196577607701;Bing;Wolters;35508 Fisk Circle;545-907-8265;Synergized discrete capability
0604876677843362;Nev;Rupp;64 Hoard Alley;329-920-8411;Phased global matrix
5010124324932891;Gwendolen;Dufer;8316 Judy Trail;305-192-7120;Optimized reciprocal intranet
3530424099092384;Jobey;Glowinski;5725 Spohn Place;762-416-6363;User-centric holistic focus group
5010121305378136;Letizia;Chalice;44187 Helena Circle;727-465-3429;Upgradable upward-trending approach
5100179579312943;Even;Verissimo;31 Boyd Point;497-298-1432;Managed local local area network
5602231536653571;Romeo;Kenlin;6869 Russell Avenue;565-183-9301;Customizable executive circuit
4529819545873462;Fifine;Lanceley;249 Anniversary Pass;348-799-5852;Compatible interactive access
3528273374176907;Charlton;Luther;4898 Moland Parkway;392-739-7332;Customer-focused human-resource infrastructure
3577413708461639;Ezri;Murkus;00 Granby Pass;363-721-0780;Triple-buffered regional ability
201608439792315;Billye;Terne;87 Porter Pass;650-362-4297;Front-line grid-enabled workforce
3559734605912347;Dun;Whilde;3716 Nancy Avenue;588-189-9534;Face to face discrete capability
3555959560907776;Amie;Lowdes;7364 Warrior Junction;111-125-0598;Monitored logistical help-desk
3547186995665941;Nicolis;Mauvin;5954 Green Ridge Park;361-921-7075;Multi-layered zero tolerance initiative
337941152413729;Glori;Jewers;8 Eastwood Hill;978-294-1426;Exclusive actuating hub
3532021578101187;Lotti;Bruyns;4805 Surrey Lane;108-909-6562;Organized 6th generation architecture
201639808066650;Dennison;Spofforth;45452 Comanche Parkway;808-491-6191;Streamlined uniform hub
3535830077402640;Pegeen;Cheley;10744 Warrior Drive;912-104-9145;Ergonomic tertiary monitoring
6761669922574643;Denys;Damrell;7 Thierer Drive;234-502-1678;Down-sized contextually-based artificial intelligence
5348909959096266;Lamond;Gargett;21687 Summit Terrace;919-405-1371;Self-enabling logistical Graphical User Interface
5602241100194597;Kendra;Kain;2790 Oxford Point;119-316-4478;Fundamental transitional hardware
3555214824248801;Anton;Scolland;1426 Lukken Court;917-512-3860;Self-enabling dynamic installation
490387185237325985;Leodora;Colaton;052 Barnett Center;256-822-4071;Optimized homogeneous product
4936623795680024;Heriberto;Ashness;8079 Thompson Drive;732-906-0959;Centralized regional middleware
3532666542552087;Tova;Hurndall;3 Nevada Center;196-757-9804;Customizable real-time synergy
4508543746081304;Corbie;Astill;2 Johnson Plaza;768-664-7908;Fundamental even-keeled hardware
5610220449406342;Chelsea;Grimsdell;90042 Bunting Point;379-587-2743;Organic encompassing website
3554339142060496;Elsy;Howsley;75 Forster Road;407-163-6118;Seamless didactic help-desk
3581757227149453;Dudley;Janson;4 Crescent Oaks Avenue;918-891-0660;Persistent local product
3546540190342055;Cortie;Screen;465 Green Ridge Lane;378-696-5489;Integrated 5th generation productivity
3573396286228708;Kareem;Jolin;7676 Birchwood Street;126-514-7242;Cross-platform non-volatile Graphical User Interface
3573400359837112;Ula;Tallant;6 Bultman Road;319-153-5598;Optimized grid-enabled Graphical User Interface
5602213869484147;Welby;Gregorace;022 Kim Lane;519-623-3936;User-friendly analyzing installation
3542474408064950;Nani;Avery;9 Eastlawn Trail;496-428-4814;Open-architected national archive
3574314539382973;Cecelia;Scothron;87 2nd Way;988-769-1940;Public-key well-modulated moderator
4026768219628207;Abie;Courage;6 Bobwhite Way;521-367-8591;Polarised client-driven secured line
3561426697250043;Randene;Longo;56 Tennessee Road;623-442-7384;Quality-focused value-added adapter
630441615526176538;Sibyl;Tockell;4 Algoma Court;123-470-0938;Managed logistical protocol
30198439505542;Guthry;Boltwood;6 Bultman Park;593-214-3256;Down-sized well-modulated challenge
5100137332179793;Dallas;Bockin;186 Grasskamp Circle;518-711-5846;Secured 3rd generation frame
3571924589722374;Sigismundo;Hudspith;10374 Lake View Trail;775-868-6994;Universal homogeneous benchmark
5007667757778293;Webb;Sapauton;7 Weeping Birch Hill;971-504-0962;Mandatory global conglomeration
3541939230703786;Fergus;Hughlock;9536 Bashford Park;674-681-8781;Virtual zero administration challenge
30444805529462;Benson;Normanvill;06015 Grasskamp Point;753-610-2545;Managed client-driven forecast
5354619636628032;Deonne;O' Dooley;53657 Barby Junction;625-768-6917;Advanced multimedia circuit
201631985371482;Bobbye;Favey;3841 Comanche Court;679-922-8046;User-friendly next generation architecture
3589487521759797;Elmore;Trazzi;70 Green Trail;665-595-8470;Switchable didactic firmware
490354484829591164;Doyle;Baynom;9 Thackeray Parkway;196-259-8754;Progressive logistical encoding
6372003234286012;Lynea;Sterley;1583 Golf Junction;975-894-7955;Polarised needs-based circuit
374288136347175;Vinni;Snell;5 Red Cloud Lane;521-364-6080;Vision-oriented full-range throughput
4405951419576258;Faunie;Prestwich;4794 Southridge Road;950-812-6174;Cloned radical intranet
5002356751802730;Pascal;Swinley;739 Mockingbird Pass;537-189-8983;Proactive dedicated internet solution
5602215731150533;Harrie;Rotge;35352 Independence Terrace;965-622-4708;Proactive modular capability
5048378068882946;Angelika;Selborne;9 Waxwing Hill;554-899-7531;Diverse client-server capacity
675995667592591731;Rora;Freeth;601 Susan Center;789-539-6690;Monitored coherent core
4017959409781028;Christina;Postians;5000 Village Green Circle;370-674-7051;Open-source bifurcated standardization
3584268014267521;Fons;Culp;98 Goodland Place;780-409-7867;Balanced systemic local area network
5572593241115048;Gearard;Hrishchenko;66643 Delladonna Crossing;273-210-0841;Diverse eco-centric challenge
4913317603034162;Hymie;McLachlan;57 Fremont Plaza;719-800-2230;Multi-channelled fresh-thinking frame
3528639187927076;Darya;Kilty;120 Waxwing Lane;702-272-2925;Mandatory intermediate internet solution
3580838979913147;Laurette;Leethem;63241 Dunning Plaza;767-435-6987;Organized contextually-based collaboration
5474795433374254;Sosanna;Yeoman;31047 Bunting Point;617-851-6585;Reduced regional forecast
5610472840604526;Georgeanna;Forder;57623 Parkside Hill;291-717-4146;Cross-group disintermediate archive
30405608790403;Letti;Aylward;4478 Jenifer Hill;614-623-5960;Synergized coherent flexibility
6759076877335367434;Josselyn;Lathy;43 Pankratz Center;844-803-6605;Synergistic directional capacity
5602238623320816;Joline;Dibbe;6427 Pankratz Trail;244-490-5666;Synergistic multi-tasking secured line
337941658889232;Leyla;Rantoul;52 Commercial Way;261-206-8944;Reactive tangible emulation
4911763350292457;Inge;Lothean;125 Rutledge Hill;801-678-7791;Distributed object-oriented definition
3543467681184148;Kathryne;Nys;6 Mosinee Circle;590-483-0692;Networked demand-driven algorithm
3541252038112352;Kelila;Hunnaball;9 Cody Center;355-416-0803;Automated directional service-desk
6331101583939742;Urbain;Morison;878 Tomscot Pass;256-208-0179;Re-engineered local instruction set
30143623667336;Kaine;Erskine;3 Graceland Avenue;606-448-8750;Extended background knowledge base
374283934876376;Maximilien;Halliberton;9482 John Wall Street;531-592-8789;Expanded analyzing artificial intelligence
3546772712409951;Walliw;Valentelli;612 Menomonie Drive;261-141-7634;Customizable secondary challenge
3573670664781979;Ingram;Slimon;67 High Crossing Street;906-971-6689;Innovative needs-based approach
4175000647351239;Henrietta;Alexandersen;2070 Westerfield Center;793-112-8483;Inverse multi-state process improvement
4844132859993126;Red;Pawelke;65758 Miller Road;928-232-4896;Automated neutral database
3537253241888156;Elsworth;Bebbington;5 Scofield Center;651-751-0849;Realigned static firmware
3575233856377458;Lamond;Rosi;57640 Superior Crossing;293-979-5953;Synchronised full-range data-warehouse
3579918397705581;Bibbye;Belfrage;62313 Ilene Park;290-194-3245;Optional system-worthy customer loyalty
3545564659740147;Sydney;Dobeson;28 Iowa Pass;546-817-4776;Public-key explicit workforce
3568430431221305;Sandi;Jills;9 Dottie Hill;804-468-8415;Reduced mission-critical software
5384564942338575;Billi;Shadwick;390 Hoffman Point;317-456-8388;Upgradable client-driven instruction set
5010122500032874;Ynes;Bitcheno;9 Farwell Pass;110-862-1563;Reactive bi-directional implementation
3570688053182461;Carlynn;Jowsey;35 Eagan Hill;165-902-7084;Centralized mobile attitude
4936267432328660;Valery;Shemming;24638 Katie Pass;563-208-5475;Cloned tangible artificial intelligence
3534997094920580;Raddie;O'Gaven;4916 Meadow Valley Junction;264-922-9443;Expanded bifurcated groupware
3555348548715313;Jobey;Estick;446 East Crossing;344-523-7425;Business-focused mission-critical hardware
5100147143667944;Ham;Ferraresi;750 Namekagon Lane;877-515-5813;Visionary eco-centric access
3579994750059098;Josiah;Despenser;1746 Northridge Way;945-932-6021;Programmable multi-state array
374622280123844;Anatola;Christophle;5283 Welch Parkway;684-334-9293;Fundamental coherent service-desk
201912122379640;Marthena;Gyver;2033 Lyons Drive;520-188-9722;Reactive zero tolerance analyzer
3582975739206103;Miquela;Furphy;0 Service Trail;417-854-2203;Open-source 4th generation encoding
4041378358063;Bessie;Kullmann;5656 Mosinee Avenue;858-776-6605;Expanded directional access
4175006175403532;Heath;Rosendall;87 Sundown Avenue;218-720-3172;Enhanced asymmetric system engine
374283270462435;Maiga;Skirving;2546 Talisman Parkway;321-138-3909;Re-engineered fresh-thinking artificial intelligence
3532206160488890;Thaddus;Circuit;638 Butternut Center;413-501-6638;Advanced user-facing customer loyalty
5545782126808926;Joella;Houselee;16 2nd Park;699-233-6452;Enhanced 24 hour extranet
3573402667466535;Xena;Veltmann;4 Derek Park;178-531-5760;Optimized demand-driven focus group
3574516409464752;Jobye;Caplan;61 Aberg Drive;937-629-4738;Front-line full-range approach
3564679557689703;Bronnie;Clere;6 Havey Alley;935-204-3934;Future-proofed mission-critical algorithm
3571690285501921;Alaric;Lembcke;50 La Follette Plaza;654-974-9557;Configurable intangible initiative
5602222188575121;Benjy;Elwood;4671 Oneill Parkway;446-689-7649;Optimized demand-driven model
4913643954298852;Codee;Schulter;068 Schurz Circle;139-944-1706;Reverse-engineered system-worthy Graphical User Interface
201770435730903;Tadd;Dobing;0 Eastlawn Plaza;630-250-8181;Proactive national groupware
4911355435417702;Jordan;Odeson;75330 Kenwood Place;149-576-6094;Synergistic radical open system
3547731461909776;Loren;Sainer;9658 Sage Center;897-876-1981;Networked 4th generation firmware
3569003710380495;Mandi;Hasely;13 Macpherson Alley;622-657-6670;Enterprise-wide full-range interface
3561006820774612;Tine;Schrieves;39 Schurz Point;944-566-1376;Polarised background process improvement
3558291543387828;Cy;Beadon;9803 Maywood Point;896-883-3826;Networked intermediate circuit
30057141833974;Caprice;Lofts;53 Claremont Point;955-673-9876;Enterprise-wide tertiary leverage
372301858040183;Agnesse;Tindall;922 Towne Road;229-246-9982;Managed bottom-line Graphical User Interface
3561501953249192;Lee;Mumm;85 Forest Dale Parkway;453-282-5604;Multi-channelled content-based secured line
5200550659418967;Johannes;Renny;36631 Burrows Street;195-501-1956;Polarised context-sensitive customer loyalty
50188733286261255;Lia;Mocher;001 Lillian Crossing;716-443-0301;Advanced systematic groupware
3536186939344945;Benedict;Beaze;274 Blue Bill Park Hill;420-632-3723;Profit-focused solution-oriented protocol
4175006788514436;Michale;Tribble;8 Prairie Rose Alley;819-809-1351;Down-sized responsive access
4917181009153679;Nehemiah;Jenner;33836 Banding Hill;617-817-9733;Distributed holistic initiative
3534865450345157;Charlie;Forman;1 Anthes Court;638-947-7097;Innovative impactful alliance
3553664444389405;Theodor;Veighey;122 Birchwood Point;853-399-4746;Cross-group transitional function
201655899611675;Jackquelin;Osant;115 Comanche Trail;430-718-9488;Progressive well-modulated complexity
340782307055592;Levon;Shernock;89909 Hallows Circle;391-621-5981;Synergized methodical migration
3534510118913083;Kass;Brankley;8 Sunfield Way;326-975-5148;Optimized mission-critical hierarchy
5020453359319426933;Donna;Torres;28 Waxwing Junction;955-447-3258;Down-sized 4th generation process improvement
4017958600264;Bibbie;Binnell;89 Monica Park;732-975-2812;Polarised motivating policy
3561609816932928;Emilia;Jankovsky;6 Reinke Parkway;923-570-8941;Seamless explicit concept
3550527838316081;Alma;Rucklidge;9 Dahle Place;263-885-7885;Adaptive high-level archive
0604050790830645;Paxton;Androck;23869 Aberg Point;580-333-2140;Synergistic leading edge superstructure
67590778003389448;Aubrette;Glowacha;9382 Weeping Birch Plaza;548-352-7708;Enterprise-wide object-oriented website
36498083143200;Franzen;Ballintyne;5343 Novick Lane;531-130-8159;Focused static function
4917121216233617;Bidget;MacTrustrie;83 Thackeray Circle;266-880-0593;Inverse tertiary definition
3551212292902598;Nicola;Balhatchet;6163 Mayfield Junction;792-283-1202;User-centric real-time neural-net
370816730594232;Jae;Ceccoli;0 Clemons Avenue;550-690-6457;Networked upward-trending functionalities
3578852921029674;Coleman;Spradbrow;430 Dakota Center;454-508-9024;Upgradable mission-critical local area network
3587897690921543;Alene;Klas;9643 Garrison Alley;828-113-9964;Extended zero tolerance Graphical User Interface
56022490551573214;Phillipp;Grut;83 Schlimgen Plaza;483-144-2345;Synergized transitional methodology
3587696336662895;Eolande;Axtens;1963 Westend Way;377-698-1584;Persistent eco-centric extranet
4175002979979140;Rodney;Dillestone;1163 Clyde Gallagher Park;148-959-2520;Fundamental asynchronous product
201885046269255;Barris;Osban;8 Service Junction;641-692-7442;Cross-platform web-enabled focus group
5100142822210538;Mohammed;Burlingham;841 Browning Avenue;911-890-2335;Ergonomic maximized circuit
5101341390671084;Cirstoforo;Clarke;3889 Service Crossing;769-380-4707;Multi-tiered next generation website
5602246005406699;Napoleon;Gofforth;18613 Washington Road;626-242-7122;Compatible composite groupware
6304352660836658695;Lorrayne;Braithwaite;32 Forest Center;482-688-9771;Pre-emptive bifurcated structure
4041593845274;Tybi;Lapidus;1317 Nancy Junction;547-978-2302;Proactive bifurcated moderator
5192973963373456;Siana;Knoble;220 Artisan Crossing;706-173-9657;Diverse 3rd generation infrastructure
3585301129830625;Bibi;Lummus;35 Buell Terrace;627-108-1417;Decentralized 6th generation ability
3533918981595914;Marleen;Milligan;20 Lindbergh Crossing;452-464-4946;Monitored client-driven moratorium
30476538664067;Drusilla;Birkhead;927 Prairieview Drive;237-521-0417;Customer-focused radical capability
3559920120827777;Feliza;Tidman;9940 Debs Court;810-439-3999;Reduced full-range encoding
3538968598715079;Hilario;McCree;79452 Badeau Road;525-764-5526;Pre-emptive hybrid capability
5298909383403047;Josey;Speke;316 Superior Street;359-281-5134;De-engineered zero administration task-force
3580144109860658;Win;De Micoli;9177 Holmberg Crossing;124-473-2254;Monitored clear-thinking focus group
3562012907263569;Cher;Shinton;404 Briar Crest Alley;436-766-5188;Configurable systemic approach
3549218522851344;Waylen;Sloegrave;7 Londonderry Court;687-467-1340;Focused background local area network
3568878572477849;Filbert;O'Dare;2424 Towne Crossing;723-932-5158;Seamless zero tolerance methodology
3542543549340014;Christian;Crisell;5 Darwin Court;616-150-0151;Public-key regional matrices
374622758390206;Alessandro;Jackways;9 Old Shore Terrace;701-991-1482;Extended optimizing groupware
3543814457626200;Lucita;Sellars;104 Di Loreto Lane;583-847-9322;Vision-oriented bandwidth-monitored paradigm
5018077848946361;Curcio;Yven;8 Service Alley;401-983-6381;Stand-alone multi-tasking paradigm
633479931982698033;Reed;O'Kennavain;153 Caliangt Way;641-216-8318;Fully-configurable real-time capacity
374283036911964;Giraldo;McClounan;48 Straubel Trail;921-519-9338;Automated upward-trending hierarchy
3550323002187254;Chlo;Buckland;851 Montana Trail;685-961-1767;Compatible local portal
201669596009026;Daniel;Klich;1 Paget Street;713-500-9185;Sharable zero defect firmware
3566266380005014;Barnabe;Fradgley;9 Orin Place;653-912-7183;Open-source empowering standardization
3572398179659214;Marlyn;Braam;85 Sullivan Point;248-259-2492;Synergized value-added productivity
3584761340162721;Ram;Robertazzi;9654 Victoria Junction;539-402-9890;Configurable contextually-based process improvement
5127981135441234;Jilly;Morit;25785 Helena Junction;868-643-6706;Proactive systemic moderator
6388705453785027;Mitchell;Boniface;76 Springview Circle;811-562-2331;Public-key object-oriented internet solution
3558841548210142;Hercule;Byng;7 Carey Alley;936-448-3214;Sharable 24 hour parallelism
3566371153933101;Pavla;Balnaves;220 Gina Way;193-697-6840;User-friendly 4th generation pricing structure
3548642203279841;Carlin;Dunk;296 Saint Paul Alley;158-970-0730;Pre-emptive tertiary secured line
5108754490421155;Lizzie;Brackpool;9770 Scofield Park;264-131-8513;User-friendly real-time support
4017954040762;Sosanna;Grumley;5940 Anhalt Point;698-657-5042;Function-based attitude-oriented concept
6393448358593765;Obadias;Maslin;0063 Logan Road;948-801-9228;Cloned multi-state hardware
63048178463399853;Chicky;Hoodlass;07061 Center Lane;989-690-3652;Streamlined web-enabled parallelism
6763156814119222;Amata;O'Mahoney;00 Prentice Lane;676-190-3172;Balanced user-facing infrastructure
4041593471550;Harp;Cake;89 Chive Center;891-993-1675;Customer-focused secondary workforce
30367661603586;Erasmus;Broxton;21200 Larry Circle;635-868-4879;Triple-buffered regional emulation
5038292520595677;Odie;Franceschelli;9 Waxwing Point;875-708-5502;Mandatory optimal projection
3555463313117320;Van;Barbosa;42 Everett Trail;215-543-2240;Sharable dedicated utilisation
3533822373031753;Oren;Grunson;6670 Talmadge Road;262-124-8998;Innovative human-resource budgetary management
4844766610164434;Burlie;Eaves;13290 South Parkway;967-823-6113;Synergistic homogeneous flexibility
6767596577427292805;Pete;Wildey;651 Sutherland Crossing;651-156-5291;Innovative systemic strategy
670645775268813993;Anitra;Rzehorz;55114 Waxwing Park;842-901-7287;Secured disintermediate encoding
5221445078316824;Beniamino;Yushin;4142 Rockefeller Crossing;670-543-0138;Integrated impactful collaboration
3572533215828189;Tandy;Niezen;57241 Sycamore Hill;788-493-1181;Devolved 3rd generation function
201903377935939;Job;Gibbons;2 Lake View Alley;101-104-1187;Cross-group encompassing Graphic Interface
5602247638929818563;Silvio;Itschakov;7 Village Green Junction;952-206-4848;Object-based value-added productivity
3535315493910657;Warde;Caltun;04072 Sunbrook Avenue;199-124-9967;Open-source regional groupware
3578916488001135;Marci;Scritch;18 6th Parkway;442-481-0313;Cross-platform well-modulated workforce
5641822223786014;Haily;Ditchett;43 Fallview Way;411-569-0070;Down-sized asynchronous middleware
5108753256410204;Josephina;MacAughtrie;40 Rieder Center;523-578-4910;Open-architected regional knowledge user
3571465364059798;Gretel;Nijssen;47133 Fieldstone Way;688-160-4637;Optional system-worthy ability
502091403723974250;Aggi;Hunnam;70 Dryden Lane;325-424-1195;Synchronised static framework
201596827374228;Sallee;Sutty;23 Holmberg Place;394-616-2915;Profound background interface
3581135852300263;Gaspard;Scroggins;1 Scofield Center;316-277-9841;Optimized local conglomeration
3540664040263851;Erda;Cubbinelli;347 Forest Point;811-939-0104;Configurable grid-enabled capacity
3550391232476573;Willard;Ingold;795 Elgar Parkway;508-535-6488;Stand-alone analyzing neural-net
560224360261522396;Naomi;Cirlos;417 Manufacturers Junction;743-957-9288;Total user-facing secured line
4911524704839009;Issy;Marston;4 Sutherland Hill;694-755-7275;Synergistic systemic project
3582980038241439;Elicia;Prene;217 Erie Point;291-149-8987;Public-key 6th generation project
3562280048252342;Gerard;Deas;23462 Moose Crossing;967-294-1566;Configurable secondary success
5602211542560663;Elfrida;Maghull;106 Drewry Terrace;234-355-9214;Diverse systemic functionalities
348843835407325;Billye;Rackham;45070 Colorado Terrace;331-104-4396;Re-contextualized static system engine
3528328572538264;Cassandry;Hebron;735 Bobwhite Road;988-216-7787;Stand-alone exuding leverage
5602230165299128;Tudor;Woodger;68005 Dovetail Terrace;253-253-5681;Mandatory background product
3586833242283000;Gayler;Pucker;918 Monument Junction;227-967-3309;Up-sized optimizing portal
56101132160693033;Paige;Imms;41 Pepper Wood Avenue;649-767-6265;Adaptive 3rd generation workforce
5507183056053862;Adrianna;Kirman;4537 Bultman Hill;946-931-6667;Re-contextualized regional toolset
5179061794923702;Cross;Caudell;75 Huxley Place;236-838-0570;Progressive fresh-thinking hardware
3536459075984364;Pavla;Canavan;7157 Stoughton Hill;714-946-3332;Reactive solution-oriented complexity
3530330352695781;Guinevere;Braiden;03207 Mariners Cove Way;193-809-4758;Open-source bifurcated website
5602210752749263;Kristopher;Errigo;39 Mesta Point;282-347-5591;Focused national benchmark
3569735293974315;Mufi;Cranmer;91626 Union Way;206-114-7235;Enhanced impactful moderator
201903558251395;Pattie;Parzizek;65 Talisman Junction;236-456-4373;Visionary 24/7 migration
4175002562477130;Iolande;Liebrecht;2 Ludington Terrace;585-590-9106;Grass-roots bandwidth-monitored methodology
491139256342379487;Bram;Knights;558 Mifflin Place;520-585-2402;User-friendly needs-based open system
6709525974355528;Freddie;Winslade;191 Pearson Lane;146-372-2958;Integrated 24 hour forecast
3566220436067734;Dinnie;Clarridge;596 Nancy Road;815-502-6328;Reverse-engineered zero defect parallelism
3559823625918630;Genni;Arunowicz;1 Clemons Way;892-730-4220;Universal static ability
6759648169829310;Dean;Tillerton;6 Hoard Avenue;303-422-4352;Front-line zero administration moderator
3579439737536867;Ad;Coy;50 Walton Pass;394-741-2750;Cloned asymmetric data-warehouse
4903474234784178;Morgana;Facey;4 Mariners Cove Alley;332-697-0548;Fundamental asymmetric matrices
3583098289969324;Marissa;Beldam;05693 Mitchell Parkway;771-260-3276;Organic zero defect neural-net
3556090050768434;Sigismond;Olney;36292 Killdeer Avenue;251-673-5376;Advanced 4th generation conglomeration
3547512636850222;Meade;Franzini;444 Summit Parkway;160-102-7876;Switchable next generation model
3550538926901171;Crystal;Khomin;381 Little Fleur Drive;218-870-0447;Profit-focused attitude-oriented internet solution
4913286563604555;Ward;Standing;5 Di Loreto Circle;453-391-8420;Business-focused eco-centric monitoring
0604616633630074493;Ruggiero;Semorad;112 Summer Ridge Terrace;147-365-6473;Grass-roots explicit projection
6762910301375403;Selina;Eckley;498 Vermont Place;813-644-1424;Mandatory transitional structure
676166785785853089;Jonie;Westmacott;8 Maple Trail;188-479-3116;Fundamental grid-enabled productivity
3578794454345228;Enrichetta;Eve;850 Hazelcrest Parkway;204-245-5734;Streamlined modular software
30403872081229;Bil;Playford;7 Tomscot Crossing;204-832-7459;Enterprise-wide executive matrices
5104062151916750;Melissa;Morgen;1121 Harbort Circle;991-363-6826;Robust global matrix
5020700007882368;Shela;Greedy;92 Utah Hill;790-322-3765;Re-engineered attitude-oriented structure
30004703364147;Elsbeth;Bachnic;512 Morning Plaza;302-390-1832;Enterprise-wide system-worthy extranet
3580752392459945;Lisa;Ysson;8519 Brickson Park Drive;788-484-8377;Organic user-facing array
5602242016608233;Dolly;Soper;63368 Corscot Center;313-825-4474;Multi-channelled maximized pricing structure
3556822143292224;Juliann;Bohlens;5293 Grover Court;982-646-9050;Mandatory discrete hierarchy
0604271041973285245;Jae;Brothwood;54 Declaration Street;441-431-9050;Multi-tiered discrete open architecture
5325623045360035;Rina;Ungerechts;695 Dorton Circle;855-835-3408;Extended 24 hour architecture
3546520633983012;Robinetta;Grimble;5 Mifflin Junction;957-237-3666;Cross-group homogeneous success
4074153522322;Angelika;Trillow;2 Toban Point;494-147-5749;Triple-buffered 3rd generation info-mediaries
3536830642420910;Viv;Kacheler;5734 Novick Drive;242-157-3401;Organic intermediate core
3556474566635180;Donna;Juett;44 Chinook Point;387-867-8218;Operative tangible process improvement
3548000262982567;Thekla;Darbon;80311 Tennessee Road;739-988-7930;Object-based maximized secured line
3546603292647712;Hadria;Pargeter;67314 Raven Pass;265-624-6269;Mandatory fresh-thinking protocol
5301749844844636;Nan;Coppeard;37 Utah Avenue;488-542-3453;Customer-focused regional emulation
337941020363973;Ramsay;Riding;64935 Florence Center;289-466-9730;Automated incremental algorithm
3556409997768531;Lucretia;Pashbee;78620 Chive Circle;980-955-7396;Advanced regional paradigm
3563074394521577;Rica;Dyet;272 Westerfield Terrace;361-278-7075;Ergonomic zero defect capacity
5602230728351372368;Howey;Stellin;867 Kinsman Drive;207-900-8081;Intuitive uniform definition
6767924723280005;Milka;O'Bradain;52455 Mitchell Junction;727-630-6210;Multi-layered methodical hardware
4017954351771;Madel;Stones;22552 Melrose Pass;254-211-4514;Business-focused discrete collaboration
5010127399980331;Opaline;Jervois;23 Luster Park;470-654-3671;Exclusive empowering info-mediaries
3551959876123344;Celisse;McDunlevy;33489 Lillian Pass;223-140-8086;Digitized intangible benchmark
5267429833294489;Caressa;Bulcock;312 Stoughton Court;366-584-0504;Function-based 24/7 website
3538170143610794;Winifred;Dizlie;83 Melrose Drive;971-662-7130;Persevering human-resource local area network
4508373082891045;Bernelle;Iredale;69 Hooker Pass;433-725-1342;Ameliorated didactic algorithm
3568787756734182;Doralyn;St. Hill;1 Anhalt Trail;913-759-3678;Innovative fault-tolerant installation
67096251537033428;Lezlie;Condon;8 Vermont Junction;394-474-4747;Persevering systemic core
4041598553142247;Shaina;Shevlane;5 Crest Line Way;403-876-1265;Organic bifurcated monitoring
4779751953196;Elfrieda;Pethick;27754 Vidon Center;862-926-8437;Team-oriented tangible support
675909201554376108;Leanna;Skidmore;53 Basil Alley;348-751-6236;Customizable dedicated function
337941834483173;Elberta;Maypes;64722 Saint Paul Hill;850-606-5353;Assimilated human-resource attitude
5007667134048782;Kelwin;Androletti;330 Fuller Drive;945-805-7699;Intuitive responsive protocol
6304339999223393435;Peterus;O'Loghlen;53 Kim Avenue;889-905-7345;Reactive neutral customer loyalty
4830333163554671;Philipa;Davidovicz;39311 Acker Avenue;679-133-5864;Cross-platform even-keeled concept
379078804944766;Pebrook;Ballantyne;00 Sloan Point;893-447-4178;Re-engineered 5th generation focus group
560221248880759239;Constantina;Clemett;726 Leroy Avenue;604-498-9401;Centralized client-server software
3568316665676605;Clarence;Lackham;63 Rutledge Road;812-816-8232;Configurable background function
3537039786530737;Clerkclaude;Welbrock;35481 Cordelia Park;560-422-4536;Customer-focused multi-tasking archive
4844017969628961;Myrilla;Barnish;06671 Rigney Pass;853-219-1858;Profound cohesive hub
4508991728042572;Hanson;Phillips;1869 Oxford Point;591-774-3434;Object-based transitional leverage
5610640714086158;Dex;Hancox;61644 Sachtjen Parkway;330-861-9047;Stand-alone value-added firmware
5573142603188968;Darelle;Atwool;087 Muir Crossing;879-996-8098;Sharable demand-driven function
3550132748052700;Zebadiah;Hatherleigh;565 Hauk Pass;317-819-3165;Versatile discrete customer loyalty
4913470599757245;Thorvald;Perch;0539 Barnett Lane;635-277-1534;Innovative tangible approach
201955849751856;Mikaela;Ruben;6 5th Plaza;452-477-0132;Proactive bifurcated pricing structure
5602254962744557;Kingsley;Drawmer;975 Westport Trail;972-750-3939;Sharable static open system
5602222845985794559;Brianna;Halahan;016 Calypso Junction;888-709-9611;Switchable 3rd generation algorithm
5401464470306707;Walliw;Etoile;9159 Oakridge Crossing;583-759-5048;Public-key leading edge task-force
4508638240177838;Winni;Saill;469 Maple Wood Parkway;809-744-2289;Cross-platform logistical hardware
3530415501961315;Somerset;O'Luby;8 Manitowish Center;641-566-0103;Advanced 3rd generation paradigm
3528427747938696;Tybi;Karchowski;767 Manley Crossing;642-691-5777;Upgradable intangible methodology
6706046252540700;Hartley;Berthot;56 Sherman Pass;976-918-9597;Decentralized global contingency
5489704234440267;Edeline;Pestridge;7 Cherokee Street;743-864-0063;Mandatory discrete array
5539330066433343;Ashli;Kording;2 Golf Course Terrace;618-488-5720;Multi-channelled empowering moratorium
5020465658040761;Anastasie;Woolager;66 Anniversary Plaza;712-320-2612;Triple-buffered leading edge internet solution
3538427666592324;Freida;Dripp;092 Fairfield Court;135-130-6929;Innovative modular superstructure
5108754669776199;Nita;Basant;2 Anderson Hill;509-181-0111;Down-sized next generation time-frame
3556249237161448;Cami;MacDougal;8782 Maryland Junction;655-773-7603;Synergized radical initiative
5108756796866181;Marney;Ausiello;03 Spohn Drive;189-137-9912;Monitored homogeneous function
3571259619612398;Karlyn;Young;9554 Fairfield Center;336-225-0197;Up-sized national solution
3552177111168235;Robbyn;Bearcock;123 Scoville Place;645-388-7353;Synergized uniform neural-net
3578103814768642;Early;Brind;0 Killdeer Road;139-594-6068;Function-based empowering core
3579017645994160;Arron;Lempke;70870 Springview Road;353-895-6260;Networked heuristic pricing structure
3537937598439452;Jameson;McGennis;50270 Canary Junction;694-636-3337;Reactive multi-tasking process improvement
3566400671762559;Eveleen;Waite;823 Roth Street;543-150-5219;Organic intangible framework
6706846294787791;Valaria;Rochford;28 Rowland Avenue;951-781-6112;Digitized motivating orchestration
3535089252258372;Jenica;Perett;98760 Bartillon Court;592-730-8141;Grass-roots uniform model
3544819647507821;Jan;Ledbury;66 Lyons Plaza;414-325-7510;Down-sized responsive local area network
4017953461211974;Felizio;Schwandt;8832 Clemons Road;526-119-0532;Ameliorated even-keeled matrices
3555837037364039;Blake;Quarles;38 Burning Wood Street;781-261-8396;Customizable human-resource capability
6331104623968537297;Berna;Derl;589 Gateway Terrace;974-128-0481;Ergonomic contextually-based leverage
5602238056657445;Chiquita;Batkin;160 Shopko Avenue;652-415-9815;Total 6th generation moratorium
4405802655134395;Vito;Southeran;8539 Northfield Hill;858-128-1526;Devolved methodical pricing structure
3576733941410007;Avie;Bevis;1411 3rd Trail;695-454-4016;Ergonomic full-range functionalities
3550636024012998;Fairlie;Klain;45756 Novick Alley;373-578-3942;Upgradable didactic artificial intelligence
3551860919925200;Jelene;Parkman;32 Paget Parkway;775-532-7573;Pre-emptive bifurcated capacity
5002354126385440;Shoshana;Whilde;88 Luster Terrace;784-135-3457;Grass-roots background Graphic Interface
6762273275240026481;Olympe;Atkins;030 Kingsford Plaza;943-404-6625;Profound scalable infrastructure
56022112823493704;Bartlet;Fryman;82 Blaine Point;596-973-9587;Total scalable ability
3548223030226980;Pasquale;Huckfield;6851 Oakridge Point;886-377-6179;Optimized fault-tolerant function
3582194155095244;Emilia;Esseby;52927 Hollow Ridge Parkway;502-713-4471;Cross-platform intermediate secured line
6393269261930179;Gaspar;Elcocks;933 Pennsylvania Place;361-794-0013;Devolved multi-state function
30484054649306;Dedra;Danielsky;2 Moulton Avenue;465-197-3122;Switchable intermediate collaboration
5602240689817925;Christan;Muddimer;63 Bluejay Lane;821-706-5755;Mandatory optimal architecture
6398504950687564;Joe;Gierke;82616 Raven Place;643-997-8035;Multi-layered exuding toolset
5602233295042814;Carlyn;Plampeyn;01 Pine View Lane;624-176-1353;Secured regional implementation
3567192350985929;Roze;Reschke;65 Stoughton Hill;413-404-3330;Realigned 3rd generation forecast
3562840679323744;Hyatt;Malarkey;9 Fairfield Terrace;865-793-0546;Enterprise-wide bifurcated matrix
374283676001209;Bernie;Toward;2992 Parkside Trail;731-292-1178;Monitored local hub
3545536858938839;Kinna;Darrington;3598 3rd Terrace;852-472-4109;Cross-platform attitude-oriented product
5100149956180130;Darby;Debow;1510 Forest Dale Terrace;764-837-5461;Automated fault-tolerant synergy
3533327928578514;Maryjane;Foxall;1 Mayer Alley;957-131-4366;Compatible didactic ability
3578391972311566;Terry;Relf;3 Hovde Lane;740-343-6733;Virtual multi-tasking adapter
56022283960769501;Caressa;Couth;23104 Sullivan Terrace;186-568-4442;Advanced actuating ability
677146265670649374;Rainer;Bowles;0256 Hooker Street;277-957-4303;Organic logistical portal
4917784255293717;Ham;Whatford;309 Lillian Junction;807-607-6381;Decentralized methodical budgetary management
560222180186326075;Petronia;Stinchcombe;7 Springview Avenue;449-933-0174;Open-source encompassing matrix
5602237721944275639;Vanessa;Peal;3954 Fisk Street;262-363-1248;Assimilated methodical archive
3576470384587625;Nobie;Adam;11 Hoffman Plaza;202-312-9580;Up-sized 24/7 open architecture
3539634853918365;Ronica;McCurley;25 Macpherson Avenue;954-815-9310;Object-based bi-directional hub
3580264142442585;Elmer;Nelligan;720 Holy Cross Court;406-341-2337;Public-key 24/7 approach
5018267251441816;Row;Penn;58 Forster Court;723-888-9156;Stand-alone context-sensitive benchmark
3541234844081492;Joellyn;Lusgdin;2186 Barby Hill;360-606-3472;Reduced methodical definition
3570430686275135;Idaline;Janikowski;46 Wayridge Center;306-179-7337;Persistent national solution
3532854881864947;Benjy;Janway;70 Loftsgordon Way;162-448-4496;Triple-buffered clear-thinking benchmark
630497446665803044;Zahara;Schafer;28 Oneill Hill;947-697-7917;Customizable heuristic task-force
502091415231747713;Alicea;Treby;6320 Fallview Terrace;230-707-3254;Robust zero tolerance portal
3550754321315277;Philbert;Kennealy;595 Kenwood Circle;451-475-4097;Operative clear-thinking frame
3539758459016199;Sheelagh;Ramsbotham;5 Aberg Alley;471-164-5425;Right-sized 5th generation array
503865661050491477;Sibeal;Wayman;38 Artisan Trail;891-383-5385;Multi-lateral optimal access
560225982754084052;Claire;Blenkharn;3 Granby Alley;659-838-7050;Re-engineered human-resource policy
6759792387538416742;Ignace;Woodcraft;20358 Pine View Parkway;507-232-7041;Re-engineered 6th generation internet solution
5602256035055564;Etienne;Matiewe;826 Chive Point;554-839-5861;Integrated optimal service-desk
3586751794889737;Ada;Cawsey;43980 Red Cloud Point;901-609-4165;Configurable context-sensitive groupware
3549682194649932;Clerissa;Flores;1 International Park;864-802-4540;Expanded bi-directional solution
0604847481225420940;Griffin;Nalder;65 Pearson Street;329-529-4189;Ameliorated hybrid standardization
5048378842269576;Avigdor;Northleigh;3853 Bultman Alley;544-863-8275;Horizontal bottom-line approach
3549061444539518;Vere;Mew;0 Heffernan Street;449-983-7690;Business-focused dynamic intranet
6334596701683733;Mitzi;Whettleton;869 West Place;531-164-8122;Reduced human-resource interface
349254104908952;Gael;Farre;6 Lerdahl Hill;413-594-3119;Ergonomic tertiary challenge
6304083879619308;Boy;Reignould;1 Anderson Lane;499-544-6044;Polarised 4th generation productivity
6370843316448044;Neddie;MacAne;10 Prairie Rose Hill;614-123-4064;Configurable 24 hour intranet
0604682181287652;Hallsy;Bannon;387 Cascade Point;932-590-2354;Cloned hybrid function
3559124359957856;Thacher;Spaduzza;36 Dayton Court;470-197-3878;Streamlined maximized utilisation
3553617586067460;Ardene;Huyton;7119 Del Sol Court;306-549-8547;Optimized responsive policy
4041373448968;Carmelle;Ricco;4974 Mallory Road;695-785-6289;Cross-platform directional software
3533069553252680;Konstanze;Langan;1442 Larry Hill;565-671-5934;Synchronised executive software
5602259844860372;Thornie;Osbidston;6 Cody Crossing;637-786-9658;Exclusive hybrid concept
3585738285622272;Glynnis;Ollivierre;07 Clarendon Circle;545-131-1058;Profit-focused 5th generation secured line
6372082124309944;Mikel;Balaam;57794 Granby Terrace;327-590-7196;Balanced heuristic migration
3581666004449533;Felicio;Senogles;4241 Blackbird Point;508-993-7251;Innovative 24 hour workforce
633110801087687717;Emmalynne;Atley;77 Namekagon Parkway;996-126-2187;Configurable upward-trending Graphical User Interface
30153239119713;Berne;Eddington;3742 Comanche Avenue;281-172-6853;Enterprise-wide intermediate database
201421687845003;Carree;Pilley;3 Rigney Drive;357-403-9282;Synchronised interactive intranet
67625283551179423;Talya;O' Gara;393 Westridge Road;579-449-3745;Right-sized eco-centric leverage
3560859818456696;Hersh;Fayer;2 Anzinger Crossing;476-482-0953;Distributed leading edge synergy
4041599702471164;Rockey;McCudden;1 Paget Circle;978-925-7614;Triple-buffered static portal
201990819962969;Darcie;Maven;222 3rd Place;453-973-7366;Profit-focused fault-tolerant open system
5114415622137794;Burlie;Morefield;3961 Jackson Avenue;469-517-1091;Team-oriented foreground algorithm
6763089723707292;Hillier;Wenderott;7 Redwing Place;169-590-0674;Cloned methodical complexity
3567234068041346;Kameko;Wheeliker;0 Darwin Street;384-664-9812;Right-sized solution-oriented extranet
3588280393500139;Bran;Berriman;107 Hanson Parkway;832-103-2377;Open-architected user-facing emulation
3557585877463571;Billie;Simkin;45271 Debra Parkway;844-771-4381;De-engineered tertiary infrastructure
675995583137502598;Becki;Tuke;76859 Leroy Avenue;427-283-8337;Open-source reciprocal archive
3583187377965540;Faun;Measures;4741 Red Cloud Avenue;865-316-5531;Realigned real-time function
5108750560097172;Mildrid;Farrah;577 Sachtjen Park;881-769-3924;Compatible well-modulated pricing structure
3571176040993033;Margarethe;McIlvoray;308 Menomonie Trail;905-558-1104;Fully-configurable asynchronous software
3563729203480410;Dieter;Jurries;861 Monterey Crossing;462-769-9692;Secured impactful algorithm
374622951647808;Penelope;Parmby;275 Service Pass;739-868-5118;Secured homogeneous standardization
3532292266096167;Egan;Bakesef;163 Hanover Hill;289-844-7051;Compatible dynamic definition
67719019671425313;Berta;Worsnap;5 Fremont Place;613-851-1772;Multi-channelled bifurcated frame
6706255134607762304;Aloin;Coll;64343 Northland Plaza;379-871-6452;Horizontal holistic instruction set
3561327143552935;Parke;Boneham;8 Rusk Trail;277-498-7100;Assimilated neutral protocol
3543265481375548;Candi;Dullingham;91320 Londonderry Pass;720-762-2308;Diverse foreground implementation
3573839577844469;Haven;Collaton;19272 Calypso Alley;879-246-0314;Extended foreground interface
3589219249670117;Chucho;Brennenstuhl;264 Carioca Circle;188-850-2154;Advanced responsive hub
5048375250453734;Haydon;Exley;5 Village Center;235-278-7704;Optional secondary parallelism
3554879266611848;Mandy;De Giorgis;30 Reinke Parkway;207-174-2772;Streamlined solution-oriented application
3584550360073268;Isabel;Kenion;69644 David Avenue;958-578-9912;Cross-platform uniform application
4041592028468;Aguistin;Ivain;1 Butterfield Court;376-438-8628;Realigned disintermediate website
3543980364866823;Flor;Matthews;9 Stephen Road;367-415-1743;Re-contextualized impactful website
5007667132949726;Norry;Marshallsay;425 Utah Way;216-833-1412;Grass-roots bandwidth-monitored capacity
5602215386866888;Owen;Wike;73293 Katie Parkway;840-903-9707;Proactive tangible matrices
4844662339569104;Jimmy;Paynter;4 Veith Crossing;643-476-3011;Self-enabling composite attitude
5610637999577596;Romola;Prevost;6860 Duke Park;181-324-3717;Integrated reciprocal synergy
5577092426682000;Eleni;Warlock;98409 Graceland Pass;428-157-5249;Cross-platform analyzing algorithm
30469958544125;Blake;Pengelly;7330 Golf Street;314-853-1207;Right-sized intermediate circuit
3543021459911438;Torr;Kleen;6977 Maryland Circle;137-318-9674;Proactive actuating frame
5602245266144742;Tiphanie;Streeten;8411 Glendale Place;430-584-7261;Face to face asymmetric info-mediaries
3559427487829347;Duffie;Dickins;998 Becker Lane;137-318-2591;Multi-layered demand-driven toolset
30569634115586;Hyacinthe;Diggins;080 Oxford Street;523-385-6898;Digitized zero defect moratorium
5002359702281616;Vivianna;Chinery;932 Michigan Terrace;673-844-5497;Centralized interactive success
5602210516982671;Lurleen;Lotterington;64043 Paget Plaza;969-172-7151;Innovative methodical contingency
3543139356275192;Nels;Thraves;80729 Eastwood Pass;128-379-0724;Centralized bottom-line forecast
374288592183825;Merci;Oliphant;856 Gale Circle;532-108-0953;Ergonomic cohesive infrastructure
3573151081798029;Sebastiano;Penvarne;70 Myrtle Center;988-350-7986;Organized uniform array
5602229504994563;Eddy;Le Friec;68048 Crescent Oaks Street;205-362-9519;Proactive object-oriented Graphic Interface
3548502772764666;Keenan;McDougall;036 Mallory Junction;838-686-5601;Centralized fault-tolerant adapter
3561707815821462;Ransom;Graeme;34 Drewry Center;199-190-3961;Assimilated cohesive moderator
490597573164280347;Chick;Yarr;6 Nobel Hill;143-390-7476;Enterprise-wide mission-critical throughput
5010125430454753;Tedra;Colleck;54474 Garrison Place;683-156-6191;Synchronised demand-driven task-force
337941241978252;Joann;Toller;25 Charing Cross Point;995-527-7067;Ameliorated zero tolerance conglomeration
5533373583917154;Witty;Lowey;16736 Packers Pass;344-557-1319;Customer-focused uniform forecast
375752521060882;Darren;Gusticke;4 Superior Place;581-345-8900;Centralized client-server portal
3559287906328812;Chicky;Manley;4890 Ramsey Way;316-120-9384;Realigned asymmetric infrastructure
3566249858711305;Toddy;Waything;03 Rusk Pass;743-410-2596;Extended client-driven challenge
3575696596732531;Kassi;Rigmand;9590 Ruskin Way;186-321-5006;Profound even-keeled function
5602254114041019;Merrie;Blacksland;7994 Division Terrace;626-390-8782;Integrated maximized circuit
6333306631219850;Meyer;Fullun;008 Springs Crossing;150-725-5826;Balanced modular success
6396697878570144;Jilleen;Kop;24 Gateway Way;355-996-8274;Future-proofed composite website
201770447517439;Josey;Highwood;24206 Eastlawn Hill;961-643-1374;Assimilated leading edge middleware
5893399291958225697;Teresa;Wastall;0 Lake View Road;333-585-8584;Up-sized asymmetric adapter
3589958101054635;Georgi;Gwillym;5493 Springs Lane;411-181-6489;Synergized bandwidth-monitored help-desk
5602211639357202322;Emmie;Taffie;1 East Drive;167-417-2831;Up-sized motivating ability
3557475636030525;Gayleen;Gerard;9 East Alley;595-560-9075;Quality-focused attitude-oriented task-force
6334271895450972;Gunther;Krysztofowicz;582 Montana Place;534-692-8541;Realigned interactive knowledge base
5002353517576633;Celestia;Geroldini;347 Canary Park;901-843-3975;Horizontal content-based database
3542965934907836;Lloyd;Thirsk;6 Randy Lane;130-311-8459;Right-sized well-modulated project
374622292851291;Cazzie;Chivrall;64 Almo Park;469-539-4297;Reduced 24/7 hub
3568535163127494;Bertha;Tothe;3 Bashford Center;181-695-5244;Multi-tiered asymmetric matrix
3561689442665381;Joelle;Kave;8 Waubesa Pass;659-250-3802;Ameliorated responsive budgetary management
3578601750889199;Tobiah;Vassman;97 Lake View Terrace;901-921-1009;Integrated exuding help-desk
6706575329276971;Kassie;Room;708 Northfield Street;466-900-1333;Synergistic client-server pricing structure
5610210694206240;Griselda;Fairhead;33664 Hoepker Circle;239-293-8304;Integrated modular focus group
4917863430427984;Papageno;Jagels;2 Thackeray Court;529-339-2816;Realigned non-volatile matrix
3545896568691155;Christean;Sturror;25 Rieder Center;721-588-5125;Operative grid-enabled functionalities
30023196903120;Vivienne;Asif;47511 Schurz Point;980-714-2126;Multi-layered real-time help-desk
3585120241781064;Staffard;Ingre;036 Lukken Way;661-884-6483;Reverse-engineered background access
3546590881319797;Alfreda;Mancer;359 Badeau Place;138-627-4249;Organic disintermediate customer loyalty
3584086241002697;Willy;Berecloth;83694 Onsgard Avenue;799-683-4769;Adaptive tertiary array
3539708858975446;Antonio;Gallaher;9022 Manley Avenue;516-921-7108;Cross-platform bi-directional throughput
6372662453526604;Mart;Aykroyd;727 Ridgeview Street;663-302-9331;Down-sized optimal system engine
5509383157458121;Doria;Willetts;758 Waxwing Pass;843-652-2587;Upgradable regional local area network
3550986651238030;Luce;Sills;7791 Muir Center;963-499-9590;Virtual analyzing capacity
56107852544888512;Rawley;Bazek;142 Jenifer Lane;559-412-4626;Adaptive uniform intranet
3550087878084347;Gretal;Letten;235 Birchwood Pass;126-459-1265;Enhanced bandwidth-monitored complexity
3546611363011940;Alta;Chawner;27 Acker Junction;842-526-2328;Automated bifurcated groupware
3583038105585474;Steffane;Ilyinski;588 Elgar Way;542-404-9993;Compatible motivating matrices
3535179959458936;Minor;Vasyaev;0 Macpherson Junction;625-103-3948;Profound coherent focus group
3538270694358957;Katuscha;Stoeck;5 Cascade Park;169-753-3513;Function-based neutral process improvement
3555572224539594;Mabel;Heinle;0138 Park Meadow Junction;168-804-1910;Upgradable cohesive functionalities
3530062470587323;Ernestus;Melby;0984 Briar Crest Drive;472-535-3587;Distributed explicit hub
5100135933426415;Arabele;Mordy;80 Dryden Plaza;441-941-1522;Diverse attitude-oriented solution
3583399273201256;Darcy;Capsey;53 Cambridge Park;689-426-9453;Fully-configurable demand-driven functionalities
3570790457809143;Carmel;Kondratenya;34126 Sachs Park;685-336-6703;Public-key fresh-thinking info-mediaries
374622316298065;Johnna;Reidshaw;1 Shelley Trail;415-760-0766;Exclusive 5th generation application
3578263205948714;Gaston;Fursse;98 Warbler Circle;667-859-9995;Re-contextualized zero defect internet solution
3535369704683819;Garland;Kytter;0648 Towne Lane;578-848-5117;User-centric heuristic moratorium
3553917537703001;Georgine;Tebbitt;05 Annamark Junction;868-808-4673;Right-sized user-facing benchmark
3561700813156635;Natalee;Sango;34 Talmadge Junction;449-308-1231;Multi-layered content-based flexibility
3538446504500117;Mickey;Malloch;581 Ronald Regan Point;316-861-0601;De-engineered actuating collaboration
3580364110079730;Aveline;Watsham;02 Garrison Street;446-522-4747;Streamlined interactive interface
5002354945031530;Nerty;Frankland;8 Oriole Trail;730-167-4622;Integrated stable orchestration
3578740417367890;Anselma;Colquyte;6483 Lunder Court;717-274-1011;Universal radical architecture
374622353900920;Patrica;Stanyard;2 Vernon Terrace;705-799-4888;Fundamental radical strategy
30457207380672;Ilaire;Eddisforth;3 Sachs Parkway;486-684-9187;Fundamental incremental function
3555079202809221;Mikel;Hannond;2973 Arkansas Junction;868-771-9623;Business-focused demand-driven standardization
201990341904984;Torrence;Polley;78 Forest Run Plaza;119-932-7102;Synergistic discrete matrices
3582786035922677;Alexander;Franklen;50670 Moose Point;270-398-4428;Multi-lateral transitional structure
5100179515479285;Dillie;Smieton;5242 Killdeer Junction;212-118-4400;Balanced well-modulated budgetary management
56104750505073822;Billy;Dronsfield;13088 Huxley Park;669-547-0977;Switchable 6th generation productivity
3578451701899529;Everard;Itskovitz;495 Norway Maple Terrace;508-432-8404;Programmable multi-tasking task-force
378758023409805;Ki;Ferrers;6997 Grayhawk Crossing;214-611-9425;Synchronised next generation firmware
3533683700119814;Sutherland;Enbury;9 Mendota Junction;315-449-8848;Enhanced scalable system engine
30146745233630;Dirk;Van Saltsberg;2703 Bartillon Way;318-274-7187;Monitored asynchronous structure
6388681652921475;Roshelle;Isles;88 Mandrake Junction;379-699-0967;Optimized cohesive parallelism
5048379816396577;Agna;Bilbrook;7744 Esker Alley;788-880-0314;Object-based discrete moderator
3542632931800535;Fidelio;Hansemann;6147 Spaight Parkway;685-874-3412;Up-sized non-volatile initiative
30011524470904;Efrem;Pirson;3200 Swallow Road;634-664-4948;Digitized 4th generation core
5610676031941824;Donovan;De Angelis;97529 Shasta Drive;703-222-2395;Face to face reciprocal functionalities
201927863182110;Iorgos;Spellworth;9718 Sutteridge Court;797-626-6594;Open-source solution-oriented installation
3581231786000945;Dante;Maddin;4 Bobwhite Point;904-247-2693;Upgradable 6th generation capability
5597091355297042;Desirae;Cliff;86 Vernon Plaza;737-514-5897;Pre-emptive object-oriented complexity
3547630428015059;Jarrod;Dalrymple;39101 Summit Junction;475-278-3101;Secured maximized focus group
372301906935012;Tate;Westfield;48553 Mcguire Place;262-951-5316;Focused transitional info-mediaries
6706044070314929;Shaylynn;Selly;59427 Rieder Terrace;793-515-0107;Reduced 24 hour help-desk
3571123597831109;Storm;McIntee;51 Kenwood Way;423-199-9954;Object-based high-level extranet
3559732126933842;Larry;Haizelden;3494 Moland Circle;803-915-4927;Managed foreground customer loyalty
3543426985778971;Dionysus;Claffey;51042 Rockefeller Lane;395-942-5840;Re-engineered holistic frame
4405103729259247;Avril;Yeldon;6934 Bayside Street;412-973-7768;Innovative asynchronous function
6373874642160851;Damien;Peaple;5842 Randy Plaza;283-685-1156;Progressive neutral capacity
6767844312898138133;Donaugh;Seely;80734 Pepper Wood Center;658-429-7842;Quality-focused solution-oriented solution
5247895114823441;Noell;Scarfe;47 Merry Road;231-637-0544;Pre-emptive secondary encryption
3583684819368481;Christos;Gantzman;771 Sundown Drive;522-411-3131;Exclusive mission-critical core
50182679590844524;Phebe;Macauley;08920 Lerdahl Alley;398-987-6729;Multi-layered coherent hardware
3532043500302436;Anett;Mansuer;9335 Grim Avenue;242-253-5648;Cloned clear-thinking protocol
3531419068791718;Archy;Simko;6 Division Center;485-506-6387;Networked reciprocal Graphical User Interface
337941396355124;Demetrius;Lamort;6 Anniversary Terrace;633-392-6397;Front-line interactive attitude
5293439247573335;Wilmar;Strippling;056 Northport Junction;760-530-5018;Mandatory 3rd generation workforce
3566306809838353;Lydia;Camelli;067 Holy Cross Parkway;702-312-7406;Down-sized web-enabled pricing structure
3536431360433803;Nixie;Gerraty;5755 Eastlawn Park;504-365-2491;Synchronised exuding policy
4913526873590261;Georgeanne;Jezzard;93 Anderson Alley;998-147-2072;Automated clear-thinking access
5602230877290217;Deloria;Opie;8884 Jenifer Point;565-323-6915;Ergonomic discrete firmware
3581771758418716;Cariotta;Neeson;3406 Leroy Crossing;432-271-2166;Open-architected asynchronous firmware
3549951990276699;Ad;Bodimeade;1947 Blue Bill Park Avenue;437-585-9790;Customer-focused 24/7 intranet
4911130726674471;Lenee;Abbie;8 Roth Crossing;420-722-7788;Focused system-worthy portal
3568882429169161;Valery;Aspel;14078 Huxley Court;515-551-9841;Universal web-enabled archive
3582979375760894;Jordana;Kilfether;280 Weeping Birch Street;341-714-8817;Grass-roots 24 hour structure
6394052478337084;Thain;Lochrie;6767 Larry Circle;255-705-3400;Team-oriented fresh-thinking open system
6759013715219472589;Karney;Licciardo;214 1st Circle;344-908-1715;Cross-platform bandwidth-monitored solution
6304233054403482553;Matthiew;Sudran;214 Sunfield Hill;438-441-9005;Triple-buffered client-driven concept
3535442806635365;Jayme;Garman;687 3rd Parkway;237-929-9366;Organic executive projection
3547007998645153;Edgar;Benzing;63545 Clemons Alley;380-278-9924;Assimilated global groupware
56022511471302721;Batsheva;Scrivin;25 Walton Plaza;423-123-5222;Virtual transitional middleware
3567120818276854;Kati;Ebbage;94549 Golf Course Point;634-771-6175;Virtual intangible system engine
676108970659358347;Alexis;Madgwich;3 Corscot Avenue;376-679-2303;Organized dynamic open system
3530244226173976;Lise;Lansdale;59005 Commercial Parkway;995-757-7133;Advanced mission-critical infrastructure
5468773697586549;Ferrell;Senogles;553 Delaware Way;629-289-7094;Profound didactic task-force
3577782250331774;Manon;Gilderoy;99 Hoepker Hill;264-280-5684;Distributed 6th generation complexity
67627341925886731;Cosme;Stainsby;3241 Petterle Center;944-725-7888;Face to face object-oriented middleware
6759486169754804293;Alicea;Lippiett;153 Cottonwood Court;948-171-4334;Total systemic installation
3561654397117812;Rois;Leindecker;1321 Memorial Crossing;914-900-7312;Advanced reciprocal pricing structure
3542994244939826;Annalee;Thomas;60761 Truax Circle;651-506-3497;Optimized radical time-frame
4917175990972360;Carey;Huske;598 Chinook Hill;532-127-1792;Progressive object-oriented pricing structure
3569107260877212;Alfi;Sherrin;15172 Burning Wood Park;362-450-5292;Managed 5th generation function
4913989355644180;Ivy;Mardee;245 Debs Street;328-973-7418;Customizable directional support
3561106337538581;Renell;Kinny;23 Ridgeview Parkway;153-528-9791;Assimilated cohesive attitude
201510225285951;Blythe;Messham;90 Sachtjen Junction;621-537-6293;Open-source solution-oriented paradigm
633110634854107050;Dermot;Stockley;8029 Texas Trail;788-333-6048;Cross-platform eco-centric data-warehouse
201407240437537;Sigfrid;Karolovsky;4564 Service Circle;897-709-0806;Balanced directional attitude
374288371122697;Henriette;Cumesky;8 Jenifer Way;117-674-3090;Future-proofed 5th generation task-force
3557444990244866;Benjamin;Geane;374 Monterey Junction;854-724-2978;Devolved 3rd generation circuit
5610527989626802;Fons;Molder;8 Russell Junction;768-755-9790;De-engineered static challenge
5100179272770744;Marne;Lode;1573 Golf Course Center;800-412-3106;Pre-emptive value-added local area network
4917422323416339;Marsiella;Raft;3 Redwing Plaza;766-535-4676;Grass-roots user-facing customer loyalty
6388252723197287;Dido;Leaney;76645 Kedzie Trail;166-329-1771;De-engineered uniform hierarchy
3576377211056395;Harry;Galvin;84434 Helena Park;629-771-3503;Universal optimizing customer loyalty
633380047360545858;Gabi;Marte;8 Golf Course Pass;940-779-1240;Monitored well-modulated protocol
6333892229557694069;Albie;Cleynaert;4207 Shelley Place;796-387-7998;Mandatory bottom-line moratorium
3540661857657159;Harrie;Gruczka;0 Novick Terrace;643-923-5054;Total asynchronous success
5100132632781448;Culley;Meadway;167 South Crossing;861-289-1898;Re-contextualized context-sensitive workforce
3562345805508481;Jesus;Sommerled;9 Johnson Circle;680-395-7295;Balanced interactive artificial intelligence
5249980213965364;Zed;Hearl;3758 Clarendon Circle;441-537-9641;Multi-tiered object-oriented portal
63042305123344260;Clevey;Cabrer;31202 Dryden Pass;704-880-0167;Enterprise-wide static interface
670932373579198478;Gusella;Sparling;6797 Hovde Place;793-434-0974;Organized national ability
3541555625113082;Alanah;Bentley;2 Golf Course Terrace;165-349-4357;Progressive mission-critical implementation
3546994773282073;Miner;Emery;7 Kingsford Lane;240-987-5420;Innovative asymmetric benchmark
3587743104195904;Hadley;Klampk;04 Jackson Way;443-240-1099;Fully-configurable bifurcated application
5308938532821799;Mandel;Dibben;2223 Haas Hill;773-397-5051;Triple-buffered optimal solution
5362767717009554;Margaux;Gravenell;10 Dottie Avenue;797-659-4544;Managed intangible alliance
3538421343598937;Daveen;Hylton;80152 Jackson Park;844-816-0004;Ameliorated impactful array
3549534068715945;Jannel;Raddan;53 Union Circle;369-388-4113;Pre-emptive responsive knowledge base
3564685406375527;Hollie;Andriessen;64149 Forster Junction;122-582-3796;Phased bi-directional access
633110018203137044;Maressa;Fallowes;9888 Miller Crossing;277-809-1959;Synchronised radical task-force
490341509148873152;Uta;Cattel;18216 Arrowood Way;191-594-8919;Implemented upward-trending groupware
5602243268707244;Byron;Lotterington;724 Bay Park;773-728-0966;Total bottom-line array
5048370202902508;Clare;Shellibeer;427 Holmberg Plaza;778-992-4111;Expanded fault-tolerant application
6382364346228807;Ines;Meletti;1677 Nobel Court;697-860-2297;Quality-focused needs-based application
3585585645475622;Hilary;Sleford;7842 Hayes Center;757-386-5945;Realigned composite complexity
3581620420194769;Andie;Phaup;81561 New Castle Plaza;160-897-0263;Reduced systematic task-force
374622277406947;Deane;Cullotey;8797 Elmside Parkway;887-819-5223;Exclusive cohesive monitoring
3542254489868499;Godiva;Wallentin;93335 La Follette Trail;746-953-2449;Sharable homogeneous parallelism
3557945920572523;Horatio;Lorent;8 Derek Avenue;390-584-9104;Cross-platform 4th generation strategy
5048376891526524;Kristan;Atwell;28 Ludington Lane;435-905-4905;Optimized interactive core
3570144356716225;Melamie;Gritten;2669 Rockefeller Lane;345-244-6095;Sharable system-worthy benchmark
5573218248123683;Dacie;Hagstone;13 Grover Trail;394-906-7477;Compatible fresh-thinking moderator
3588434267360605;Ulrika;Tavinor;806 Moland Road;166-854-3852;Intuitive system-worthy migration
201629411166203;Hildagarde;Cootes;3 Melby Place;927-445-9614;Diverse grid-enabled installation
3562061270014257;Hilario;Bedow;8009 Beilfuss Alley;416-617-4206;Inverse well-modulated application
503800666149519517;Gran;Steptoe;1283 Clyde Gallagher Park;988-346-2002;Horizontal explicit product
6759442752368724;Garland;Hummerston;180 6th Alley;163-340-8622;Organized solution-oriented encoding
5467746080814208;Karolina;Johansen;648 Pine View Street;382-320-6864;Centralized bottom-line utilisation
5482109758631449;Rosalyn;Regina;4171 Jackson Way;733-842-2914;Balanced intermediate productivity
5602243347515527;Tannie;Kubiczek;131 Iowa Road;912-399-2603;Self-enabling background definition
3550354385744940;Morten;Schulz;46 Burrows Drive;295-221-3163;Monitored neutral strategy
06040019944600799;Freddy;Lipsett;84438 Northland Place;594-984-3583;Distributed foreground workforce
3575365528268135;Felizio;Pibworth;2 La Follette Pass;368-268-2163;Horizontal homogeneous attitude
5610218397947408;Grantley;Exell;3609 Coleman Lane;661-501-4726;User-friendly multi-tasking projection
5602218002689874;Moria;Dedham;60286 Meadow Valley Court;858-566-0362;Adaptive 24 hour access
4175009585149190;Shirlene;Dutchburn;0 Hayes Circle;967-975-3775;Advanced tertiary conglomeration
30060013707656;Normand;Leahair;61 Summerview Trail;569-493-7226;Customer-focused composite moratorium
5007663584075250;Emmalynne;Lineham;167 North Alley;131-785-9904;Self-enabling optimizing infrastructure
30098992902542;Judah;Meak;5203 Scofield Park;904-986-7015;Operative tangible budgetary management
3545369925855590;Cristabel;Iglesiaz;7 Dennis Alley;290-586-8165;Exclusive bifurcated migration
3540319276319634;Milly;Kinton;6184 Magdeline Drive;652-792-6509;Organized asymmetric software
5100137803881224;Norry;Houlson;0898 Drewry Drive;198-447-9143;Virtual global attitude
67612619603810827;Ade;Kunrad;394 Riverside Hill;154-893-7834;Realigned zero tolerance strategy
50205718739707664;Wilona;Mitroshinov;359 Doe Crossing Park;268-259-1320;Optional upward-trending architecture
675905639893118075;Alic;Jaggers;90262 Texas Circle;272-211-7879;Profound didactic algorithm
4017959265456236;York;Tuxsell;9813 Randy Way;997-867-4540;Exclusive optimal circuit
3539465945505005;Jolyn;Rampton;9588 Crownhardt Trail;654-198-1016;Future-proofed holistic toolset
201487715605339;Vanny;Dysart;96679 Scott Drive;727-371-1245;Polarised 5th generation productivity
56022442668271893;Danie;Hendrick;87789 Gerald Way;278-907-4067;Front-line next generation interface
6706172687371303;Valencia;Brehat;90838 Comanche Park;311-683-6556;Fully-configurable user-facing analyzer
3549218634208623;Brinn;Waggett;13862 Clove Avenue;329-875-2934;Advanced client-server matrices
6334038110279464242;Leela;Preble;7 Nova Junction;798-127-5343;Reactive directional standardization
3532006674174097;Zarah;Slowan;81007 Prairieview Center;564-287-9442;Mandatory responsive intranet
3551612467794797;Leopold;Klausen;50068 Eliot Terrace;922-714-1003;Cross-platform solution-oriented open system
3528723136894742;Mic;Hubbock;9805 Green Ridge Lane;261-350-4905;Robust cohesive alliance
3571426684609084;Sydney;Wasiela;81045 Kedzie Terrace;447-681-8605;Enterprise-wide foreground projection
676341098248246513;Wainwright;Kiljan;7616 Roxbury Junction;835-150-2425;Reduced real-time product
6375348597453726;Wynn;Paulot;95923 West Way;339-751-1405;Assimilated uniform frame
3568805277748885;Roland;Meighan;917 Manley Place;526-624-6413;Polarised methodical info-mediaries
3566095059364257;Stacia;Axell;343 Fordem Lane;389-346-6819;Ameliorated multi-state core
3561628764902774;Kenneth;Ardron;45189 Bayside Park;409-142-1405;Profit-focused mobile initiative
3576145172960073;Sandi;Gostage;5 Laurel Alley;408-222-5308;Enterprise-wide intermediate parallelism
6706061893928321;Ravid;Frankham;042 Red Cloud Parkway;669-941-4561;Persistent dynamic complexity
63042584273357716;Jeff;Schwant;541 Dovetail Circle;333-733-6667;Balanced mission-critical workforce
6371940763732125;Tracy;Mattingly;5 Butterfield Pass;609-191-5775;Innovative user-facing archive
201863818195818;Bartholomeo;Adaway;206 Katie Hill;612-445-7125;Persistent multimedia core
67095695481832261;Emera;Leil;0629 Ilene Center;621-613-2497;Versatile asymmetric focus group
4508217214467739;Far;Sydall;06637 South Avenue;634-734-5843;Secured exuding attitude
06043849421465804;Sharona;Wyldbore;01 Roth Pass;980-609-2717;Face to face client-server pricing structure
3556123215699309;Spenser;Fishley;4 Ryan Street;866-448-8596;Re-engineered 4th generation database
3533579379639290;Richard;Usherwood;69 Express Way;521-573-9736;Organized neutral data-warehouse
6392175660753818;Del;Thaller;77 Prentice Way;638-207-6256;Robust bifurcated instruction set
201633576794908;Miof mela;Dalgety;1511 Mendota Avenue;837-264-9055;Right-sized bifurcated matrix
3585226423936572;Nanice;Keates;75 Alpine Point;125-795-7609;Inverse full-range interface
3589932242766407;Arlana;Abbess;3910 Mariners Cove Pass;290-178-2157;Advanced bi-directional circuit
201790852898884;Pepita;Fleckno;5996 Upham Avenue;395-641-7941;Ergonomic context-sensitive encryption
490357195991365099;Kim;Pennazzi;4 North Way;930-994-3212;Advanced optimizing solution
5610727329983489;Alvan;Loch;2101 Monument Street;390-135-0089;Multi-lateral upward-trending synergy
30154949452741;Brandyn;Muffitt;777 Darwin Road;551-276-2323;Function-based content-based application
3560651246138875;Buck;Shayes;7 Golf Course Road;281-336-1337;Grass-roots secondary artificial intelligence
676152069572632915;Noble;Lilly;2452 Schlimgen Court;980-314-8784;Managed explicit parallelism
5018861453840765;Robinette;Eilhersen;9669 Derek Pass;885-784-2960;Implemented 5th generation extranet
5048376074523017;Kerby;Christofe;4 Mariners Cove Hill;130-819-5954;Switchable object-oriented extranet
3569910835912590;Barrett;Bachnic;90902 Judy Trail;236-507-6949;Devolved national moderator
3545598076652535;Wilbur;Collinge;3186 Nelson Parkway;603-646-3334;Right-sized background website
4917299662418161;Clemente;Beagrie;5 Reinke Place;454-118-0328;Operative grid-enabled toolset
345831782761334;Chelsey;Billyeald;78 Cardinal Trail;905-495-8844;Proactive foreground analyzer
3542940115131969;Juieta;Golden of Ireland;4 Jay Way;888-872-1348;Robust next generation adapter
5100178051324897;Shurwood;Seint;43 Victoria Center;317-865-9003;Reverse-engineered homogeneous collaboration
3556733777942838;Jasmin;Tilson;99 Coleman Point;448-184-0270;Business-focused contextually-based process improvement
374283056805344;Thedrick;Bridewell;27 Talmadge Pass;697-874-9182;Synergized client-driven analyzer
3549050140509123;Kippar;Normadell;8140 Vernon Junction;100-808-0228;Inverse non-volatile capacity
5010120813032730;Temp;McGarahan;71775 Scott Lane;416-448-5094;Integrated demand-driven application
6762657804559325584;Perceval;Kynastone;860 Barby Point;611-937-8391;Self-enabling 24 hour matrix
3552585881642371;Welsh;Abramovitch;8329 Harper Alley;371-244-4837;Total 6th generation parallelism
3575053142238755;Parker;Sproson;231 Melrose Trail;268-852-3527;Re-engineered interactive process improvement
4917078978546596;Marcellina;O'Rowane;9804 Debs Terrace;910-869-1558;Enhanced optimal benchmark
5602240770223298;Cherish;Orrom;6 Moland Trail;472-935-4965;Proactive holistic moratorium
30314407621910;Caye;Lamers;82957 Kedzie Lane;940-372-6678;Monitored 24/7 interface
5602248067614988;Gertie;Tutsell;190 Independence Center;830-450-2172;Re-contextualized zero administration neural-net
4844488609184410;Abigale;Domney;702 Hansons Alley;378-919-0598;Persistent modular system engine
5010124157835849;Gwendolen;Muriel;32768 Memorial Park;828-742-1788;Reverse-engineered bifurcated methodology
3574038211938337;Ynes;Atkins;2 Larry Road;682-609-1567;Virtual analyzing capability
30200360534614;Alden;Van Vuuren;51942 Pleasure Alley;808-472-7769;Horizontal real-time secured line
374283338045651;Dixie;Hebden;05075 Anniversary Crossing;483-772-0778;Decentralized tangible benchmark
372301475693885;Kevyn;Kebbell;6726 Pierstorff Hill;111-694-3492;Cross-platform multi-tasking encryption
3552736337460294;Lainey;Charlot;863 Badeau Way;741-466-1586;Cross-group eco-centric paradigm
3534509152162276;Ora;Rickert;493 Russell Pass;480-543-6243;Progressive scalable software
3532626422056708;Kain;Ector;90 1st Junction;258-446-9546;Future-proofed background access
3560395078293909;Latrina;Craddock;9405 Schmedeman Place;993-740-4139;Digitized user-facing process improvement
3563412444201503;Tann;Shaves;803 Welch Street;285-441-9254;Switchable coherent database
3538842639869288;Marieann;Lightwing;5 John Wall Place;607-232-0194;Stand-alone 4th generation firmware
6706932950707271;Cherri;Fominov;0781 Jenifer Hill;114-656-3874;Up-sized static core
3543755084032322;Ricky;Wands;13 Havey Crossing;843-122-2328;Robust asymmetric system engine
201439500261810;Tanney;McIlvenny;05552 Delaware Way;631-433-1666;Re-engineered well-modulated secured line
5580252434825067;Othelia;Gloves;7 Tennyson Circle;990-605-8443;Innovative 6th generation application
3560605524239672;Hayley;Pyatt;1 Northridge Alley;348-510-5368;Reduced heuristic project
5010124707392465;Malissa;Flitcroft;58770 Bowman Pass;615-991-5191;Proactive bottom-line policy
30501675629530;Gussie;Semper;2003 Bartillon Center;229-785-3168;Open-architected optimizing knowledge user
201934518331308;Ariela;Evangelinos;546 Pawling Lane;565-372-6218;Total multi-state neural-net
5602244659179696;Ellynn;Doelle;224 Laurel Drive;864-575-8695;Profound impactful workforce
3540286035852736;Dorolice;Mattisson;6 Cambridge Road;547-692-2195;Secured maximized encryption
3571643354234973;Deborah;Garnett;15692 Lakeland Avenue;158-819-5146;Triple-buffered eco-centric challenge
676227402512521222;Nicky;Vischi;143 Morrow Point;469-596-5144;Operative empowering standardization
4175003060542656;Jimmy;O'Dea;48531 Laurel Alley;183-865-2329;Assimilated 24/7 complexity
201650278437891;Martelle;Wardingley;48 Jackson Road;113-404-0008;Reduced human-resource matrix
3552249648523776;Winona;Tunbridge;37 Sutteridge Circle;583-360-7310;Grass-roots global synergy
5602218949832090;Selena;Gilbee;00 Bartelt Terrace;286-821-7110;Switchable intermediate ability
3557547400474616;Kylila;De Bruyn;447 Jay Center;251-123-2815;Phased empowering benchmark
30422004896858;Janine;Borkin;5684 Acker Parkway;257-179-1742;Sharable human-resource knowledge user
3547178281114189;Ashli;Cardoso;90 Fulton Park;256-208-9261;Decentralized eco-centric hardware
3548019923287752;Riannon;Kelcher;3 Spaight Terrace;531-757-6436;Fundamental user-facing workforce
5486272666520488;Sharl;Karlsen;96608 Meadow Valley Pass;272-788-2310;Switchable attitude-oriented firmware
5007660140232128;Reagen;Huguet;9057 Roxbury Terrace;454-477-1280;Networked empowering alliance
3586566279737676;Roddy;Craufurd;4 Dwight Terrace;509-610-6678;Open-architected 5th generation moderator
372301919334484;Hartley;Magrannell;1 Dayton Road;110-805-1804;Self-enabling motivating challenge
3581891126523771;Tasia;Cossam;6236 Thackeray Point;653-420-8119;Implemented object-oriented structure
67098715830783036;Andre;Raveau;554 Crescent Oaks Park;504-673-2106;Customizable dedicated methodology
3545271418637479;Celisse;Eastham;1 Stang Trail;347-281-4071;Expanded attitude-oriented archive
4844319181072386;Vivian;Du Pre;36 Oneill Center;876-524-3211;Reactive multi-state paradigm
3546919716340563;Becca;McKeand;7 Anniversary Alley;650-262-3668;Synergistic impactful portal
3553181594991252;Tiffi;Barta;72258 Muir Point;453-885-1039;Multi-channelled bottom-line extranet
30455983999335;Georgena;Soans;52012 Katie Pass;418-399-2966;Robust grid-enabled matrices
30088395656910;Costa;Igonet;19743 Banding Crossing;837-997-6542;Optional scalable instruction set
3581393165604232;Simon;Heam;135 Northport Court;360-440-8729;Robust static local area network
30585497696579;Eolanda;Tremmil;560 Mandrake Plaza;232-802-7941;Organic hybrid pricing structure
3573461591849646;Ximenez;Beaze;811 Banding Parkway;642-340-4005;Customizable 6th generation service-desk
67099592612362423;Cheri;Westman;4811 Dawn Trail;839-416-9394;Quality-focused directional moderator
3561934334271389;Westbrook;Haresign;69 Summit Center;642-997-7995;Intuitive zero tolerance throughput
6759010514674612;Lucretia;Leyson;346 Lighthouse Bay Alley;591-739-5776;Implemented logistical workforce
337941889569405;Helena;McAirt;7 Eliot Way;975-531-5553;Decentralized explicit synergy
30275799874831;Olga;Jecks;5 Spohn Center;888-843-3452;Enhanced explicit paradigm
3578985962189500;Mohandis;Anchor;1 Larry Road;692-613-6390;Operative next generation neural-net
4175004152758481;Corabel;Jeckells;39 Bowman Avenue;518-284-5928;Monitored bandwidth-monitored standardization
3531507006752436;Patty;Grout;515 Mariners Cove Place;526-832-4780;Multi-tiered contextually-based product
3572795888764716;Marietta;Cutajar;8478 Jenifer Court;770-579-6827;Quality-focused bifurcated Graphic Interface
3535784275933940;Colette;Bassam;33340 Arapahoe Center;146-920-4228;Integrated object-oriented local area network
4175007306077427;Olva;Joderli;088 Stone Corner Place;523-356-4379;Face to face homogeneous database
5002355534459263;Devland;Fitkin;74 Arkansas Way;793-590-0437;Quality-focused upward-trending service-desk
201403294109841;Cecil;Marcq;82 Mariners Cove Alley;171-424-8019;Distributed bottom-line monitoring
201811692066282;Hilliary;Wise;0 Onsgard Pass;179-992-6380;Public-key heuristic implementation
3589917586303776;Sisile;Willock;694 Barnett Drive;724-983-6376;Triple-buffered didactic utilisation
3528831368705724;Bryn;Kern;36 Myrtle Plaza;589-472-0673;Pre-emptive hybrid flexibility
3570778739681083;Katie;Barrass;88117 Hooker Parkway;915-823-1874;Upgradable zero tolerance orchestration
6382307739053712;Claudelle;Ginglell;4 Forster Hill;845-749-3129;Open-source secondary data-warehouse
3548187203971682;Osborn;Lawrenz;44350 Dayton Hill;785-103-4647;Fundamental bi-directional knowledge base
3562949580351676;Stanton;Uridge;2 Clyde Gallagher Terrace;904-125-3833;Grass-roots national flexibility
201458199747129;Lewes;Marini;07 Oak Valley Point;261-192-5727;Digitized value-added forecast
3567556582356507;Rozalie;Tocque;81 Huxley Road;985-447-1129;Stand-alone global analyzer
3566876043529166;Leopold;Swadling;6 Sutteridge Lane;411-871-1320;Expanded stable product
5641825377043614172;Farah;Jedras;40 Esker Way;721-768-4040;Secured 4th generation focus group
337941730240552;Manya;Sorrell;34 2nd Center;342-724-5554;Secured global website
5602242807955833029;Kaja;Ambrozik;58 Mariners Cove Terrace;922-655-9062;Diverse real-time hardware
3549287655961634;Sindee;Jado;97634 Emmet Lane;734-454-8096;Balanced user-facing utilisation
3583322062982001;Bernard;Kuschke;0 Claremont Pass;257-707-7503;Multi-lateral motivating complexity
5048372017988615;Feliks;Muino;31 Hoard Avenue;191-321-8319;Re-contextualized mobile collaboration
633110554131854896;Davon;Zoppo;23279 Nobel Place;808-456-1883;Versatile didactic internet solution
4844452146305748;Nico;Dann;0 Melrose Street;698-413-1342;Integrated cohesive system engine
201806472628806;Aimee;Hardwich;24 Holmberg Hill;404-513-5194;Synchronised multi-state functionalities
6397946465944058;Amalita;Tweedie;234 Dayton Court;836-193-3570;Total multi-tasking archive
3540810248547716;Rene;Lilion;5854 Northview Hill;720-395-8134;Multi-layered content-based attitude
30137584354264;Ogdan;Scurfield;6328 Briar Crest Plaza;490-549-9715;Horizontal contextually-based info-mediaries
4175000550907969;Desirae;Milton-White;63370 Ruskin Junction;409-225-0114;Fully-configurable multi-tasking success
4017959353637697;Ganny;Beaton;8399 6th Center;908-133-6205;Compatible interactive hardware
0604184115254706784;Karissa;Whittek;500 Di Loreto Park;501-326-0582;Managed attitude-oriented contingency
374288311251804;Dorey;Hanne;3 Moulton Point;904-203-5837;Extended explicit projection
493686961979313039;Alexa;Gardener;55 Cambridge Point;549-877-6048;Seamless coherent customer loyalty
5100134765614305;Donavon;Kemmey;77756 Londonderry Plaza;408-438-3221;Up-sized object-oriented instruction set
3558525889946956;Uriel;Haithwaite;217 Moose Point;702-249-1721;Synchronised global superstructure
3585209818174884;Rutherford;Erdis;83 Northfield Drive;662-503-7379;Function-based bandwidth-monitored initiative
6709971684744769;Jasmine;Magarrell;80010 Tomscot Alley;451-739-1930;Digitized attitude-oriented collaboration
3538239786810084;Tito;Bythell;1031 Algoma Pass;160-179-7738;Persevering exuding portal
3573545783039337;Marie;Mansfield;16 Clove Court;459-321-8924;Extended zero defect synergy
3545632244565301;Keelia;Cardon;3 Merchant Parkway;154-508-5433;Distributed hybrid protocol
6383905722558743;Adams;Vigne;50 Sutteridge Junction;252-982-5952;Adaptive attitude-oriented firmware
503851654809841254;Saraann;Mabson;90 Meadow Valley Way;249-973-9880;Fundamental object-oriented framework
5273865128380719;Levey;Ornells;4 Novick Road;513-207-5033;Diverse mobile infrastructure
5100170879136876;Pip;Schach;5 Cherokee Junction;802-127-3792;Synergistic interactive open architecture
58938034172860912;Corney;Vedeshkin;74 Browning Alley;390-178-1129;Open-source context-sensitive neural-net
5610869897430582;Taddeusz;Claybourne;93742 Scofield Point;798-309-6031;Ergonomic regional support
6767623269462991494;Nowell;Aveyard;1763 Artisan Drive;141-438-7194;Integrated 3rd generation support
6378425364554972;Issiah;Gotcliffe;488 Green Street;193-913-4040;Synergized tertiary migration
67613040321503231;Anselm;Royson;146 Katie Junction;200-488-5390;Re-contextualized zero tolerance strategy
3550443842469348;Basia;Gartshore;27 Packers Junction;322-712-2620;Extended local task-force
3539941644068453;Timothea;Matthieson;53 Schmedeman Street;295-588-2366;Robust client-server flexibility
3559501031187608;Lisle;Ruddell;7600 Ronald Regan Parkway;436-928-1937;Monitored next generation throughput
5100149456588527;Enid;Fullard;581 Magdeline Hill;766-225-5305;Adaptive homogeneous benchmark
3543563915307792;Rupert;Mattaus;1505 Pennsylvania Plaza;878-878-1202;Face to face system-worthy synergy
4041599779725;Eugene;Rhead;8187 Graceland Crossing;294-684-7407;Phased zero tolerance project
5002353747745008;Leigh;Rozier;78623 David Plaza;440-269-4733;Reduced real-time application
675909031272829694;Clarie;Froome;07357 Clarendon Street;101-398-7518;Quality-focused tangible monitoring
3532765105372675;Esta;Harold;74 Drewry Park;773-141-2439;Reactive multi-tasking algorithm
372301418933620;Udell;Waind;09540 Forest Run Parkway;667-903-0434;Persistent encompassing encoding
30582109503202;Giulietta;Landells;556 Sunnyside Circle;575-655-0283;Expanded explicit moratorium
675929320623858387;Cullen;Remnant;0 Carberry Street;998-168-7595;Compatible systemic support
3543662428829472;Filia;Wight;350 Lawn Point;588-982-6993;Optimized 5th generation initiative
3580515707304944;Kort;Casado;5316 Menomonie Crossing;363-338-1968;Secured even-keeled secured line
5602258134129449;Lanni;Yair;84 Amoth Junction;340-781-8715;Phased transitional hierarchy
3588582644150246;Flora;Morden;9975 Mandrake Way;374-519-6246;Organic systemic encryption
6706771929752550783;Burke;Gowan;74 Fieldstone Terrace;132-623-2650;Progressive homogeneous circuit
3543347397615751;Kerrill;Dumper;3067 Dunning Lane;572-276-7564;Seamless system-worthy matrix
3575956357676164;Maryann;Cracker;1334 Kropf Place;121-748-4851;Horizontal 4th generation paradigm
5502304102147301;Demetri;Schott;06798 Duke Court;157-616-9458;Visionary foreground framework
3544097306582746;Clarissa;Townes;96 Chive Plaza;485-306-6027;Robust foreground project
4844556335907492;Reube;Rous;3 Summer Ridge Park;223-254-3133;Face to face transitional conglomeration
3557235528018628;Sibylla;Keneleyside;0555 Hermina Circle;450-155-9193;Grass-roots homogeneous moratorium
3533524378318256;Kendall;Chelam;4829 Melvin Plaza;942-892-7861;Diverse zero tolerance protocol
3579910329804194;Bartlet;Dane;230 Melby Plaza;575-560-9196;Robust didactic time-frame
4041377572503881;Torrence;Poxton;3 Evergreen Plaza;726-146-2303;Object-based background secured line
3585113602740902;Dredi;Eversley;0 Hoepker Way;114-765-2355;Profound composite software
5641820470711300524;Harrie;Wildey;9 Menomonie Avenue;647-683-9741;Cross-group discrete product
58938866471509819;Cristin;Christensen;4 Moose Park;416-794-9158;Up-sized cohesive projection
4508145315943912;Sissy;Maplethorp;5 Beilfuss Junction;498-229-3380;Team-oriented analyzing application
3549549385607104;Zacharie;Scoone;1 Sage Pass;163-327-5573;Inverse mission-critical middleware
5048373953861584;Dasya;MacKimmie;34680 Golden Leaf Park;159-439-5463;Progressive next generation utilisation
372301385999521;Courtney;Stone;01 Birchwood Junction;124-358-5032;Visionary holistic system engine
6762390193485621478;Dennie;Websdale;31 Oneill Crossing;967-229-7177;Expanded optimizing website
201839738401023;Rea;Comi;69551 Steensland Pass;202-519-2036;Self-enabling neutral open system
3569830891268333;Merill;Rawlin;42 Claremont Junction;624-671-0183;Team-oriented 24/7 paradigm
5002355016595311;Sander;Beran;8354 Transport Alley;868-973-6965;Triple-buffered 4th generation architecture
3558020224206696;Bianka;Duesbury;556 Sheridan Point;377-464-5893;Programmable hybrid encoding
3537647291020406;Inessa;Sawood;2571 Shelley Circle;840-263-8747;Inverse national Graphic Interface
3568376714249002;Jasmin;Cranney;0 Scott Circle;216-659-2973;Object-based well-modulated conglomeration
6370893336958217;Nerte;Gott;426 Corben Park;401-209-2334;Organized modular installation
4917254031992065;Basile;Woolston;5 Armistice Street;527-950-7408;Face to face mission-critical concept
3561704002079798;Jourdan;Turfs;51120 Basil Street;940-669-7560;Reduced mobile help-desk
3556957408443318;Jerrold;Caldaro;1351 Macpherson Terrace;812-857-7180;Customizable reciprocal support
5123389141527216;Darby;Adicot;1 Debs Pass;748-270-3765;Object-based executive concept
3555512925781616;Kinny;Okenden;6 Express Road;435-244-6345;Multi-lateral logistical conglomeration
5108754343206514;Wat;Codeman;4553 Duke Trail;222-148-2430;Innovative mission-critical circuit
372301401271061;Brooks;Boken;03 Mitchell Place;776-658-7378;Upgradable 24 hour model
201770880406850;Guenna;Finnemore;360 Goodland Crossing;228-462-9632;Enhanced didactic success
3561069553797994;Nydia;Vannuccinii;94 Prentice Terrace;985-625-6717;Decentralized grid-enabled circuit
4903599632184280;Jervis;Eich;9 Fallview Park;978-939-3859;Right-sized empowering process improvement
3554057146209915;Walton;Youell;74 Dorton Road;177-290-8373;Networked web-enabled capability
501817455323095840;Moe;Curdell;81522 Ohio Pass;468-211-6271;Multi-lateral local moderator
3534443118337584;Aeriell;Wrankling;6 Maple Court;714-888-8130;Public-key high-level benchmark
5007664414843982;Blondie;Baudin;3 Elgar Street;490-364-7987;Operative scalable open architecture
3557240230450143;Mariam;Cutteridge;9 Golf Trail;305-100-0625;Synergistic exuding array
3548902851864991;Brew;Horche;27 Hallows Center;871-125-3111;Face to face solution-oriented help-desk
6709289140520388;Maressa;Thynne;5 Ruskin Junction;581-317-6727;Implemented user-facing help-desk
3540532463800998;Garrett;Hegg;33 Clemons Circle;704-535-4736;Open-architected reciprocal budgetary management
5641828314828888;Berget;Grimwood;6 Almo Street;629-564-3066;Progressive discrete productivity
30026602556572;Roselin;Yandle;1 Crescent Oaks Pass;652-355-7617;Operative user-facing frame
3581479200031091;Ashley;D'Andrea;28 Thompson Road;449-832-7787;Ergonomic interactive project
4913792722682911;Bart;Dikles;09992 Crest Line Point;177-974-7878;Fundamental intangible definition
5381012698043265;Eveline;Brandi;5 Kennedy Park;228-604-6137;Synchronised neutral contingency
3563735515307860;Elladine;Pittaway;19 Bluestem Way;581-164-6038;Streamlined client-driven definition
060437595502682418;Koren;Cordero;671 Nova Parkway;238-899-3980;Cloned systematic utilisation
3573667056843383;Van;Sheal;7 Karstens Way;613-885-9098;Configurable systemic collaboration
201616994737070;Nerte;Allsep;1793 Ramsey Junction;631-659-1968;Digitized radical success
58937620760553942;Tab;Filisov;38 Corry Avenue;271-197-1835;Devolved 5th generation hierarchy
6334671628706633594;Maryrose;Winsom;0 Dovetail Point;934-561-1889;Exclusive impactful matrices
3541051117667231;Stephi;Innes;02 8th Crossing;851-850-5039;Multi-layered radical migration
5007661269072741;Rolando;Adolthine;1 Redwing Pass;908-390-1409;Balanced encompassing hub
3537768042718187;Lavina;Wiggett;08607 Logan Plaza;812-409-5888;Universal executive throughput
6373842093800176;Marcellina;Pycock;95 Rigney Plaza;812-735-6772;Inverse asynchronous adapter
5002352891194120;Kesley;Havelin;08 Independence Terrace;286-236-1731;Upgradable homogeneous extranet
3570456369160708;Cassandre;Eglin;13428 Iowa Avenue;524-764-7077;Re-engineered mission-critical superstructure
3565398718712267;Cammi;Couvert;6 Oneill Park;294-469-9641;Programmable even-keeled budgetary management
5602215919525936;Arlina;Flew;48 Schlimgen Parkway;824-790-5571;Sharable disintermediate strategy
502061050534793803;Roz;Berling;1 Lotheville Trail;647-206-1290;Vision-oriented multimedia Graphical User Interface
201789865384106;Jolene;Espinazo;9 Dayton Junction;487-492-1573;Grass-roots attitude-oriented support
4508969609684332;Frasquito;Dahill;6720 Gerald Terrace;508-569-9607;Virtual fault-tolerant collaboration
3534585277783964;Brina;Bosward;8 Mallory Park;548-618-9758;Front-line empowering protocol
6333429189581904441;Toddy;Tynewell;207 Knutson Park;140-609-4761;Digitized disintermediate support
4175008269301499;Rafe;Bustard;9986 Lunder Place;383-748-6313;Secured responsive success
3565739676770807;Michele;Kneesha;57248 Cascade Street;938-915-7668;Universal user-facing frame
675994335457312160;Blondell;Lerohan;3 Sundown Junction;872-749-6274;Front-line non-volatile utilisation
3583161837300861;Aeriell;Filchagin;344 Mallory Court;360-282-2870;Balanced high-level internet solution
30168459694419;Jaimie;Bloggett;2622 Becker Hill;710-671-3846;Assimilated systematic ability
3557941069356943;Syd;Burless;82 East Parkway;608-533-9070;Devolved zero defect internet solution
3550131854324374;Florette;Volcker;33 Lake View Crossing;503-928-7522;Down-sized stable ability
5100131554155979;Merna;Varran;329 Marquette Trail;306-380-3534;Cross-group well-modulated encryption
490584446170183182;Danni;Gascard;3 Mallory Plaza;478-902-3683;Quality-focused multi-state matrices
6304418612326325675;Elisha;Blowfield;034 Jenna Parkway;376-633-5971;Synergistic uniform workforce
346415875127345;Chelsae;Topes;48 Lerdahl Avenue;215-806-0755;Optimized full-range knowledge user
4844471027002471;Rosalind;Conant;285 Lakeland Terrace;153-575-7482;Phased optimal website
5100145231778110;Marline;Stanford;34858 Arapahoe Place;709-117-4526;Distributed 24 hour info-mediaries
5504630865678027;Beauregard;Mourton;0 Lyons Place;655-559-8398;Balanced neutral open system
3562798902384281;Genovera;Ditty;79 Walton Circle;667-135-7842;User-centric intangible circuit
3534818866238573;Langston;Botham;4287 Oak Valley Road;612-880-5097;Right-sized zero defect algorithm
6386167424795233;Frants;Hunston;9623 Porter Street;281-683-7314;Devolved intermediate interface
377657068966078;Jackquelin;Kelcey;2284 6th Drive;225-475-6980;Cloned incremental alliance
5010123045903645;Boigie;Frayn;847 Pine View Junction;811-909-3697;Secured static knowledge user
3566739204572542;Sally;O'Heffernan;2 Prairie Rose Street;607-182-0836;Managed zero defect synergy
3571941777975242;Mirabelle;Bosward;8 Anthes Pass;214-640-5170;Horizontal discrete forecast
3559067071796666;Konstanze;Leipold;78 Duke Crossing;506-376-5245;Public-key intangible hardware
3589352016275560;Luis;Berrisford;887 Eastwood Junction;864-116-2838;Fully-configurable web-enabled success
5241134804965999;Eduardo;Muddiman;30770 Mcguire Alley;293-890-6980;Compatible solution-oriented extranet
3536713370853546;Rosalind;Hrishanok;33 School Plaza;282-736-6800;Multi-layered attitude-oriented neural-net
3582757632882655;Deb;Hambribe;492 Longview Circle;266-790-0857;Vision-oriented asynchronous help-desk
30334138531436;Nonie;Pendre;66 Prentice Avenue;334-587-0699;Programmable reciprocal Graphic Interface
5602242743403124077;Dirk;Noddle;14 Arizona Avenue;394-638-5960;Total optimal data-warehouse
5602251874227184;Cletus;Reinbeck;9 Eggendart Way;857-548-2123;Reduced bottom-line matrix
3540130172955730;Kristin;Weafer;7119 Talisman Court;301-247-9040;Seamless exuding access
201816348271947;Imelda;Mullane;768 Pierstorff Street;920-676-0308;Function-based bi-directional secured line
6761413585691801213;Roddie;Sprague;12591 Esch Plaza;721-836-0783;Universal discrete application
3559074295693307;Kris;Silver;7 Schlimgen Drive;158-959-9517;Reduced holistic knowledge base
372301686831514;Simona;Sebrens;1529 Prairieview Plaza;854-458-5106;Decentralized zero tolerance focus group
5002357401035705;Nora;Addyman;59832 Veith Court;863-610-3202;Implemented responsive portal
349757679739669;Kimberley;Ricca;9 Hoard Center;786-257-5396;Implemented zero administration system engine
3552724716939526;Abdel;Jodrelle;25481 Blue Bill Park Point;987-995-6624;Organized bifurcated ability
56022156284989023;Brittne;Lockner;40786 Monica Way;165-824-6024;Devolved composite collaboration
5234479360093549;Dalila;Macvain;57241 Holy Cross Way;280-439-7926;Sharable system-worthy orchestration
3578215899202873;Cherry;Cornewell;18 Lunder Trail;643-923-8789;Enhanced multi-tasking methodology
633110684460195460;Darrel;Goudman;2528 Kingsford Road;729-869-2923;Object-based exuding portal
5002351538354394;Cherish;Winspar;97895 Ruskin Pass;504-500-2317;Implemented needs-based solution
3554991534296094;Billy;Boanas;639 Oriole Point;341-206-5311;Multi-layered intermediate capacity
5048379493800693;Oona;Seed;6225 Di Loreto Way;395-431-0360;Multi-tiered secondary middleware
4905911076184017162;Fredrick;Pidgeley;9257 Hoard Trail;311-311-1633;Decentralized multimedia strategy
5349787475295144;Amity;Bunton;91964 Buhler Alley;514-689-0390;Realigned impactful implementation
5602252367242144;Roy;Cracoe;04 Pine View Way;669-509-4613;Robust clear-thinking architecture
4913032358531250;Wolfgang;Laxston;69420 Gulseth Hill;869-755-8412;Expanded empowering extranet
3571191864216882;Tasia;Lafond;509 Rutledge Road;766-212-3705;Operative 3rd generation knowledge base
5490918725806854;Rowena;Tabbernor;15 Arrowood Road;473-418-5122;Secured user-facing policy
3538393460992633;Algernon;Alvaro;06 Springview Street;681-132-8008;Re-engineered methodical budgetary management
6759250839026284;Adolf;Clifton;14 Montana Drive;598-928-8227;De-engineered explicit hierarchy
5602234304442996056;Tedda;Kell;977 Sunnyside Street;561-120-1001;Reduced empowering flexibility
201619532939570;Oneida;Mullett;03 Sunnyside Avenue;218-203-7799;Front-line well-modulated success
3589976370464574;Jerri;Dilkes;0 Pearson Court;993-475-8599;Seamless zero tolerance instruction set
6706089609757585;Breena;Abley;82694 Forest Run Alley;267-648-2342;Future-proofed bifurcated approach
3554798991985105;Germain;Pyser;99819 Dakota Way;784-172-6802;Balanced solution-oriented interface
5602240214049655;Stillman;Christian;312 Charing Cross Pass;136-299-9402;Assimilated 4th generation extranet
4913023246570204;Thor;Belham;1988 Sullivan Hill;167-230-2075;Profound contextually-based projection
630417998241881693;Ronni;Twinn;3 Stuart Junction;116-815-7406;Customizable bottom-line moderator
3540922876738069;Meaghan;Bugbird;5 Spaight Road;689-525-5157;Virtual bandwidth-monitored architecture
503869621737157715;Ole;Dignum;13146 Di Loreto Street;435-872-9703;Reactive 24/7 emulation
30283177813405;Cal;Harower;72243 Forest Run Avenue;913-849-0851;Realigned leading edge analyzer
3585892583870131;Rosemarie;Molyneux;785 Bartillon Avenue;404-192-0693;Enhanced non-volatile parallelism
6771375349211912;Karlene;Voice;16 Hanson Place;813-527-5667;Distributed next generation core
3580974244799126;Dodi;Swedeland;09 Mallory Place;250-540-1297;Customer-focused transitional synergy
3557658030338236;Georas;Richards;5 Continental Center;996-182-9747;Stand-alone even-keeled standardization
3570091363003958;Raven;Teml;23 Lukken Alley;985-807-7302;Synergized exuding middleware
6767921593666889223;Vyky;Kitchinghan;97 East Way;266-635-9992;Ergonomic radical success
564182020850448609;Leroy;Broady;53155 Bartelt Park;246-234-7605;Distributed zero administration infrastructure
67634308246083174;Lynette;Heinz;8 Pearson Circle;794-910-6355;Networked high-level knowledge base
3578973366076952;Adriano;De Vaan;820 Forest Dale Hill;445-233-1262;Decentralized directional utilisation
5451986633199263;Estrella;Hamber;75208 Elka Street;850-714-1582;Horizontal dedicated standardization
3550141425604675;Amalita;Beven;6803 Bowman Plaza;761-483-4361;Pre-emptive object-oriented service-desk
3547413212119126;Kellsie;Wharram;2596 Scoville Hill;693-368-4968;Triple-buffered explicit access
3574571020148201;Donnie;Roo;414 4th Circle;406-577-2315;Profit-focused system-worthy definition
3579156886923999;Aubert;Scandwright;60996 8th Junction;632-115-0207;User-friendly asymmetric synergy
3540518107074348;Melodee;Skeete;60188 Ilene Alley;817-576-5274;Synergized zero defect analyzer
6762718256133085;Humberto;Lidgely;344 Messerschmidt Crossing;894-135-3396;Decentralized hybrid secured line
5503543516831443;Melly;Jizhaki;3 Linden Pass;793-291-8664;Progressive maximized extranet
5100139547907299;Aymer;Pymer;38933 Mendota Alley;162-420-9783;Adaptive logistical info-mediaries
3575604462874288;Gordie;Manners;506 Schurz Center;803-913-1871;Switchable logistical approach
3560906189530128;Haily;Filipchikov;28 Vidon Junction;121-744-7800;User-friendly 24 hour collaboration
5602215031171841;Madelina;Incogna;2922 International Point;140-369-3668;Streamlined neutral superstructure
5602216828254501;Donni;Arnolds;3733 2nd Park;183-757-6027;User-centric neutral knowledge user
5602259482669887081;Lyndell;Norris;742 Packers Point;710-128-0351;Devolved responsive matrix
4903780715481647048;Jennifer;Simpkins;2 Jenna Way;391-984-2548;Programmable well-modulated system engine
4936997947329157844;Ade;Entreis;31 Pleasure Lane;107-980-9859;Ameliorated asymmetric access
56104403196419397;Kiel;McCallum;69092 Mosinee Parkway;922-435-2688;Exclusive demand-driven leverage
3529804231419418;Gay;Harryman;46 Pleasure Court;139-918-1614;Customizable fault-tolerant utilisation
30504980578210;Nathan;Storck;3719 Brown Circle;630-323-6606;Ergonomic uniform hub
5100174557733343;Megen;Edsell;058 Fulton Way;571-800-7918;Switchable even-keeled conglomeration
3548588924633305;Devlin;Andrzejczak;18535 David Way;862-210-2661;Cross-group 24/7 encryption
5602248301787718677;Rea;Whelan;2165 Cambridge Terrace;437-623-3822;Seamless interactive firmware
5602223490345484;Fayette;Edsall;961 Elmside Parkway;963-147-8325;Diverse multi-tasking open architecture
5108754414994543;Donnie;Sparshett;618 Continental Court;217-980-7062;Ameliorated web-enabled challenge
3567444467061767;Arlyne;Extill;33757 Orin Junction;264-548-7067;Future-proofed static benchmark
3557086978683944;Ernestine;Jiran;55294 Hooker Drive;727-482-7766;Managed value-added moratorium
3562175601450699;Reid;Gudger;4331 Alpine Avenue;777-449-7213;Face to face leading edge local area network
5602217034058124;Zonnya;Goathrop;2 Coleman Drive;354-152-9502;Profit-focused coherent protocol
670993333341551459;Beckie;Acome;862 Dexter Center;636-558-3343;Horizontal 24/7 success
5100132508124038;Brantley;Danne;43 Carioca Alley;946-225-4514;Persistent fresh-thinking data-warehouse
3534391657470458;Elihu;Heenan;6 Thompson Park;325-223-7986;Multi-channelled logistical paradigm
4905793091753580;Wynny;Frowing;56828 Artisan Street;222-516-6641;Balanced discrete groupware
6304617689431899;Hildy;Ormshaw;9331 Schiller Trail;770-363-7292;Face to face composite knowledge user
3546866861533635;Fanchette;MacKessock;57 Lindbergh Hill;915-290-5300;Expanded well-modulated definition
372823376144411;Ilaire;Macquire;19 Pleasure Crossing;428-584-6432;Horizontal mobile paradigm
36688295860332;Clair;Ahren;708 Merchant Trail;137-502-7910;Enterprise-wide bottom-line internet solution
337941785956441;Valina;Emanulsson;7 Debs Junction;801-901-4057;Self-enabling tertiary benchmark
3530218584610266;Shayne;Tettley;42225 Messerschmidt Place;847-848-8947;Mandatory stable implementation
3575753610378104;Angelo;le Keux;568 Dennis Terrace;856-867-6976;Profound motivating neural-net
3556110938707295;Toni;Rymill;8791 Valley Edge Park;931-114-5621;Profit-focused tertiary benchmark
5007669884281928;Pier;Tuckey;233 Westend Street;670-977-0183;Virtual optimal open system
6331107336400676949;Desiree;Favey;976 Cardinal Plaza;451-827-4020;Optimized impactful leverage
5602232549831873;Brandy;Sewart;2 Butternut Circle;723-210-9626;Quality-focused multi-tasking function
3556529097144067;Giffy;Colafate;8 North Pass;302-411-8857;De-engineered user-facing portal
3570258238710196;Simon;Mauditt;0173 Lakewood Gardens Place;462-829-6332;Stand-alone national core
6709809063297915150;Darla;Cabble;8 Orin Lane;964-934-4586;Function-based bi-directional analyzer
6395163624808511;Eziechiele;Ainscow;39874 Shelley Road;648-783-7422;Reverse-engineered demand-driven knowledge base
3587396926188522;Hildagarde;Coggins;7 Pennsylvania Avenue;128-987-8677;Decentralized 6th generation algorithm
6375256603662075;Carlyn;Quakley;20969 Superior Trail;183-277-6283;Devolved heuristic analyzer
201819704375773;Earle;Antonioni;8 Parkside Terrace;774-320-5953;Optimized human-resource moratorium
3561893288441812;Shandee;Latty;0278 Cardinal Terrace;417-374-0301;Compatible stable budgetary management
4041371884289;Creighton;Chyuerton;6 Lakeland Parkway;352-259-0948;Distributed asymmetric help-desk
5610394394438459;Edita;Kyd;82 Graedel Street;191-106-4073;Team-oriented grid-enabled data-warehouse
5100147298836914;Warner;Armitage;33 Scofield Point;227-930-8786;Balanced even-keeled standardization
3574997990382175;Sheridan;Matthis;38 Forest Run Alley;773-765-4212;Operative object-oriented flexibility
30309770627916;Frances;Pautard;3 Vahlen Avenue;194-745-7136;Proactive tangible algorithm
3529074227331403;Fletcher;Bernardet;6 Moose Terrace;853-791-1038;Operative tangible application
3567883219561311;Sherman;Turfs;07 Green Ridge Junction;226-299-8594;Face to face demand-driven focus group
3585567861973944;Bryna;Lages;569 Pawling Circle;283-830-4924;Vision-oriented bifurcated support
3559542744214669;Orren;Duckers;98411 Melvin Crossing;689-603-0959;Horizontal zero tolerance info-mediaries
3565150780660878;Hamilton;Naper;568 Onsgard Way;355-107-1301;Fully-configurable dedicated matrices
3540206065955969;Kania;Skillanders;4 Charing Cross Junction;469-241-1452;Upgradable solution-oriented firmware
3542603506604727;Read;Stredwick;7226 Marcy Place;205-936-7091;Monitored eco-centric data-warehouse
5602237611342105;Beilul;Martijn;46364 Namekagon Court;395-473-7315;Open-source motivating utilisation
5018183372178905492;Vicky;Scargill;6 Kropf Way;508-163-5163;Compatible national open system
3584338289007777;Hester;McKinty;2 Welch Alley;234-991-6420;Open-source methodical array
5610020671520012;Keslie;De Francisci;743 Brown Avenue;746-719-4363;Virtual secondary concept
30335090502547;Sophronia;Andrivot;60 Park Meadow Junction;983-577-7450;Realigned contextually-based system engine
3572257271053132;Parnell;Habbeshaw;3610 Mesta Court;953-792-9921;Optional bottom-line structure
372301837619156;Olenka;Crommett;7 Londonderry Court;780-351-8180;Enhanced reciprocal array
5602211123691382;Ellwood;Duchenne;2403 Golf View Junction;489-147-5891;Visionary neutral analyzer
633110048656936741;Demetria;Joscelyn;255 Cordelia Pass;909-940-2639;Digitized demand-driven attitude
3537345682140566;Ammamaria;Blowfield;603 Loeprich Parkway;964-134-8681;Organized eco-centric Graphical User Interface
340318838645542;Ricard;Fairebrother;68 Main Pass;561-764-3015;Re-contextualized tertiary success
5424135974500101;Rowan;Thrustle;4322 6th Avenue;393-966-2151;Monitored actuating moderator
5893217810939859;Karola;Bibby;05 Burning Wood Street;529-318-6861;Optimized value-added process improvement
3584456400265361;Sandi;Piatkowski;3 Welch Way;640-207-8205;Streamlined tertiary contingency
5893576783954561;Norman;Yoxall;213 Elgar Court;776-386-4720;Implemented real-time groupware
3566456970793968;Ariela;Astles;55272 Lerdahl Plaza;749-196-2408;Diverse mission-critical infrastructure
5564387701241786;Maura;Giffkins;2882 Superior Hill;305-675-9517;Cross-group multi-tasking solution
4917638629224099;Gwenni;Figures;2 Bay Hill;178-314-3333;Multi-tiered background monitoring
6334192490025578475;Nanci;Brastead;168 Carioca Pass;876-211-8561;Compatible actuating matrices
5574716001428701;Malynda;Lattey;934 Heath Plaza;689-210-0595;Realigned neutral superstructure
5116492876675678;Lonnie;Winpenny;87031 Brown Alley;619-594-3148;Devolved client-server functionalities
5522714979374810;Elvis;Wimbridge;33288 Erie Road;908-398-0794;Cloned multi-tasking intranet
374622722320404;Alexia;Colhoun;1 Crowley Alley;274-496-3449;Implemented actuating functionalities
5641829440534911;Lester;Latliff;746 Holmberg Plaza;996-230-3546;Triple-buffered foreground portal
201576569125111;Ellynn;Pigden;2822 Judy Lane;875-492-7574;Virtual empowering challenge
3572330058446835;Erick;Calwell;17205 Oxford Lane;739-628-0510;Profound local local area network
3529309013435772;Zsazsa;Dairton;71561 Di Loreto Drive;714-837-8528;Virtual interactive encoding
3546532678837490;Elizabeth;Gaskin;8479 Lakewood Gardens Drive;102-742-5894;Digitized solution-oriented neural-net
3562105673923943;Davey;Gogan;8 Sutteridge Crossing;778-389-1515;Quality-focused homogeneous structure
3558109740639603;Stillman;Matthai;5022 Utah Way;662-244-7840;Front-line web-enabled process improvement
